id,infra,pace,import,power,storage,bio,battery,land_occupation,surplus_ore,global_warming,water_consumption,freshwater_eutrophication,index,scenario,wind_onshore,wind_offshore,open_field_pv,roof_mounted_pv,hydro_run_of_river,chp_hydrogen
0.0,0.5019845570452119,8.089425633075022,0.0290147315808306,90.26975159371553,5.8985188899333965,0.8228428776379451,4.675065200126717e-07,29853929103.050995,11210795358.422678,113960293588.02586,1562688414.0389166,51509782.79572993,0,0.0,13.866014298214122,,59.622790692369755,,1.6155,5.864629484355848e-05
1.0,0.4665439666911353,6.582621099900612,0.0616791023209778,87.3431552430396,5.90540306865921,0.1053240761074639,0.0050129815717119,52210401980.393456,140690944776.5145,670344567154.9113,12117374606.043734,316536533.5722758,0,1.0,22.163600919162068,,45.00508226505882,,1.6155,0.0005133401286561
2.0,0.1881200008807587,3.729211861614511,0.1182384438737803,44.653267520163126,5.901898321010767,0.7117551560035472,1.079387877709646e-05,49481584430.92971,110081269491.11096,641434481523.3298,5801977681.826267,260262309.95858905,0,2.0,25.305061162613303,,2.231546741630743,,1.6155,0.0012587875042639
3.0,0.2395485438156246,4.25348724174246,0.1146744774140022,52.36806391100946,5.901122540319956,0.7152786383315111,4.715755709111594e-06,44558779343.79502,88937194209.38861,528111127840.0843,4883736811.147361,215212914.28561187,0,3.0,23.262261035691495,,11.8057759361534,,1.6155,0.0003391311261436
4.0,0.2066186962485643,3.89421898137887,0.1099477998496877,47.2696985205901,5.902749800453825,0.7123299661053965,8.633728227860809e-06,62948813324.05537,155101297179.72137,889794108484.6785,8018313629.915338,359244458.40957147,0,4.0,25.4281277012606,,4.817398567012824,,1.6155,0.0008675918797229
5.0,0.2167521025190885,4.020260046091668,0.1154258293806272,48.96334009860853,5.903019727570881,0.718386667893706,9.537960259947178e-06,63939382502.14722,157705132599.06506,905066322558.1892,8182986803.945614,365137566.8942019,0,5.0,24.08122784523693,,7.647632580322997,,1.6155,0.00064228152398
6.0,0.2376920861321784,4.178839900038492,0.1067937256240843,51.66396719812929,5.902084950600103,0.8356451463761309,8.610532471323461e-06,55121853161.66668,122716131298.209,715424574265.8508,6535890092.854608,289016810.81358784,0,6.0,23.787430790688298,,11.00721351578644,,1.6155,0.0004073319592455
7.0,0.2176348755052997,3.948004116292392,0.0822028718747228,48.97596806096413,5.903472475502197,0.7274891059513084,2.377000224288489e-05,75792339706.28598,200499828830.96332,1137217642805.8662,10222941378.237667,457868114.5956065,0,7.0,27.397393634551822,,4.45325261629401,0.0015952139373308998,1.6155,0.0016589060315333
8.0,0.2452908559565656,4.287532876391808,0.0719543585418506,53.27602467463142,5.902488490622003,0.7833853443363576,1.810813396227032e-05,63319658744.65397,151489011891.97073,870849059729.4069,7898736721.278917,351732120.9453276,0,8.0,26.986993881061146,,8.91114463622648,0.0029920969263471002,1.6155,0.000815617648557
9.0,0.2560678904413735,4.372731752486365,0.064800854721849,55.16501424333016,5.902495399920642,0.8761461381200185,3.795557008539891e-05,53199882053.48357,114846314530.4551,669748055822.6063,6147358633.546946,271628027.28114927,0,9.0,26.017712188678715,,11.441699081591729,0.0082030832164015,1.6155,0.0013641543420401
10.0,0.2747444379907544,4.585719926332144,0.0894109769035849,58.18342071316006,5.904545686267645,0.8346053742026529,1.7834559400441414e-05,50941939798.37528,105081859936.85796,618868702374.4712,5756573055.175114,251288932.48113337,0,10.0,22.457798735865513,,17.736313827880263,0.0110183537337723,1.6155,0.0005876906440321
11.0,0.3425875199562457,5.322106448249257,0.0986837377964682,68.98655356817729,5.912396667282441,0.5776064557224987,8.904155320668472e-05,70934793337.07832,170538708319.9488,975894292252.1936,9313936388.229818,396292173.8858753,0,11.0,18.876305201825488,0.0167184746166709,31.164093453213937,0.0433014187934106,1.6155,0.0101134289912724
12.0,0.3272732450876153,5.121533283360474,0.0570662392312311,66.06142793299941,5.912240429661423,1.0009737770934894,0.0007758823954224,69814351982.45778,171868678962.22086,957000792829.7452,9913785655.652784,394412202.20181024,0,12.0,20.036737396718944,0.038041638893251295,27.48312147409642,0.0759639608157525,1.6155,0.010457442317079
13.0,0.3294898647170335,5.171743881150243,0.0537174319639687,66.80195312061389,5.919244335193949,0.5758890320607509,0.0003688335802761,60815937107.01758,144070632517.99792,812468173943.486,8177758485.853168,334566261.8865815,0,13.0,25.23773830119523,0.049818332350970204,22.638647304648305,0.12316284552140319,1.6155,0.0136630267682283
14.0,0.3481516849410986,5.3699915380512255,0.055176230572717,69.69011033871755,5.93220070881338,0.5761341820984275,9.493551593298604e-05,66668264632.410255,159352860815.1623,907727213867.2966,8695957185.567629,369927268.76585,0,14.0,23.486356670560518,0.0885276579917326,27.156672689064823,0.1506559837804575,1.6155,0.025383825724023902
15.0,0.3521755995587869,5.415537247429549,0.0797254185182077,70.34987898516275,5.944429139854831,0.5800801933293528,0.0001542231609187,65277802809.73472,151040459235.46857,863779483129.8068,8416330860.230378,352533613.99104095,0,15.0,20.163388559899996,0.1307038971626586,30.97824158775213,0.1963701897261347,1.6155,0.025519929936539898
16.0,0.3440178076794805,5.324001472602685,0.0805831737228207,69.01940085987049,5.914061657833361,0.5837735392078488,0.0003313849373058,69817909410.31012,170305515469.03534,964544974566.8772,9483872482.216455,393949155.8651657,0,16.0,21.214477167289644,0.0574601603579516,28.862099794536903,0.09234657171889771,1.6155,0.013368416385547201
17.0,0.416514959305707,6.075153341541999,0.091727260992564,79.9560237720592,5.918518181608593,0.5977444687727845,3.2648964268611495e-05,79737141228.7127,193346858124.16013,1111816631811.4302,10400762197.185366,448611219.5304787,0,17.0,15.846002390908593,0.044401651217334,45.06993352947081,0.0298864072405908,1.6155,0.0124838593902363
18.0,0.4166294262717566,6.062290363782109,0.0807380135729092,79.76332374100112,5.941183634060882,0.6193958680552614,0.000788105228618,61555450028.804085,138782740536.87997,770115299680.0984,8840271495.795761,323780823.79662734,0,18.0,17.506673704234274,0.0618452831985765,43.156345563313394,0.0501221355023119,1.6155,0.025662534210019
19.0,0.4013679789694325,5.929737225656647,0.0910861585831386,77.83892826370936,5.928547130686439,0.5837624870466033,0.0024080339445731,61181952725.58498,151212425811.71887,786977159868.5898,10907894980.61753,344297473.9554261,0,19.0,16.358550643609412,0.1492599415921534,41.75056352508093,0.0161788544933124,1.6155,0.0194802115040278
20.0,0.3648695508720686,5.408323449407118,0.0817492022439321,70.24608173085868,5.922608522559265,0.9997131498768508,0.0125735386655587,76369571245.51288,274377859229.72775,1157286802066.1123,25452803471.980392,573511125.9375803,0,20.0,14.086041211092555,0.5604274031585574,36.885091913052705,0.012506972814541,1.6155,0.0049380710524417
21.0,0.3618408307711624,5.388472203390504,0.0992402125847657,69.95662179727469,5.929351621122952,0.5774784537806745,0.0104401298805676,61493819080.42806,211287696913.24503,878528803107.7078,20415378090.240276,444347593.5705962,0,21.0,18.123989678849032,0.0403667024031146,32.55765616967819,0.0516971873443578,1.6155,0.0142611187618464
22.0,0.3777494462243382,5.548798979761839,0.104838940172915,72.29127769571943,5.918802943603673,0.5744386098113737,0.0124169269839505,56561805014.962326,212211597992.25064,801795211879.3538,22886357478.742863,436405846.66438,0,22.0,16.50360413063079,0.0074709228147198,36.285410410768854,0.005908418770668,1.6155,0.0051296189042714
23.0,0.3720266123816271,5.502492110369633,0.0905035671187012,71.61634399621894,5.947995007621131,0.606268045143721,0.0089631281046188,65160380934.85437,214679939770.1377,926045458775.922,19810325521.73024,455483362.1408287,0,23.0,17.87382375616818,0.09322784504210391,34.30164352106535,0.1385433513315752,1.6155,0.032562570595590395
24.0,0.3798595767088511,5.586272968257345,0.1211317629847495,72.83870700201858,5.930489021265123,0.5769979158740147,0.0114677607466313,72051544221.43883,243996899747.0383,1060223751462.895,22186804040.296825,517226356.2924343,0,24.0,14.012670306958176,0.0622487243400215,39.170003369274596,0.0778310733043003,1.6155,0.013987233853314698
25.0,0.3992643808392984,5.907909006799311,0.0903987810287098,77.5204677261441,5.953212122740235,0.5797325092167821,0.0014107126624769,76073932621.1373,194152384865.02255,1059124871204.053,11900660582.43204,442484539.55814976,0,25.0,16.977727213286958,0.069104399451262,40.96336047675951,0.0390955892306479,1.6155,0.0294487862859686
26.0,0.393767872106187,5.856515543084488,0.078437146851129,76.77247935247333,5.937449922783569,0.6185742299560684,0.0006545997127931,63912463332.61283,146774386055.97293,822823955660.0759,8891282966.046728,341711459.0201577,0,26.0,18.363513796633065,0.0913384807708516,39.02716220709296,0.0317098447125192,1.6155,0.030638984647819
27.0,0.376286837241327,5.637900086834922,0.0764237190529834,73.590062869538,5.931855550790985,0.5758236600835631,0.0023762417334096,75752014101.31102,203988671862.36432,1080585066095.9908,13147701855.448664,459388892.98019177,0,27.0,20.03223057464197,0.0608533415887177,34.2808532190636,0.0216670517676358,1.6155,0.0213597295556972
28.0,0.3704202698419051,5.543833505792724,0.0749558624077762,72.22022041640108,5.927409297008168,0.5757089095719686,0.003803848067974,67094420572.07945,183594008394.2988,934035418641.3214,13081433989.257648,409926486.6407636,0,28.0,20.771381552494343,0.0351459436655777,32.23686146873494,0.0275454776267369,1.6155,0.018447756469877098
29.0,0.3884652589153783,5.761551369696385,0.0724901639368959,75.39055978856791,6.003881573739864,0.6054063818562593,0.0036235085966082,84300815893.62894,238772739617.69525,1221969831379.1345,16349146588.426804,529004894.7392891,0,29.0,17.965167649818287,0.1072442975229342,37.64030944065095,0.0831818508953886,1.6155,0.0675009144188231
30.0,0.3730023335479731,5.587838820781156,0.0936580071872865,72.86019090738313,5.945315736617125,0.5968530665230161,0.0036274596965917,70032303380.3517,185059823548.75076,964422345899.5604,12705477913.66235,416363686.0097203,0,30.0,17.271933434681543,0.1140268747441447,35.87160845477912,0.1743470117398238,1.6155,0.031731430444596906
31.0,0.4063997911319407,5.948791547681481,0.0852796108954386,78.11518826475722,5.967404940151542,0.5841522418079041,0.0030257293541499,80476052202.65587,221609939162.4185,1146277900088.255,15107827782.75368,494824202.4474506,0,31.0,16.388081894366465,0.1479324711731916,41.767163367309806,0.2020591265331671,1.6155,0.0471095586317555
32.0,0.420575194134448,6.074130763100432,0.0779023256988484,79.9407090704911,5.9145316498941645,0.5793958476423507,0.0032794489041436,85890069416.80594,241918719232.5685,1265616520761.9866,15875422538.673944,540416598.0507082,0,32.0,18.197924151790705,0.029976627729189798,42.34027078422816,0.0478443703312395,1.6155,0.0093910042434831
33.0,0.4044066998660676,5.861412196390831,0.0695422887923197,76.84283525122281,5.932873424591141,0.7389568505053898,0.0037751310952397,66290572083.66647,179921905151.75327,901509176344.1384,13394760309.679474,401003975.7626735,0,33.0,18.604329543960507,0.0370638628973631,39.4238886248473,0.0210949810988978,1.6155,0.0173807288826966
34.0,0.4128585522432642,5.987546277968173,0.0830266605779527,78.67931748309265,5.912348114476581,0.5745868156869328,0.0028224601242119,78060173428.62224,211919493911.0116,1115393417537.088,13995760237.962624,476565650.1413028,0,34.0,18.094362630043815,0.013182898654944299,41.4541934063518,0.0184726816655399,1.6155,0.0060050044812227
35.0,0.3822566223893691,5.701146890567388,0.0761689043997227,74.50643878277133,5.9179334884592345,0.5790948747962695,0.0002093471174378,72226082937.31502,175164559365.87427,995698300221.0636,9722267313.87513,405703275.228691,0,35.0,20.09528168536776,0.0253549202404681,35.74644506717941,0.0281429569551633,1.6155,0.011777509058811201
36.0,0.3472396354335004,5.331247795044999,0.0815167029918266,69.12203457676645,5.9283036339601525,0.5795723779026009,0.0001047379069304,71737721003.43562,174775470821.3026,994052730456.599,9568383980.450186,404354401.7575846,0,36.0,21.196808339733533,0.0282301091406663,29.5451574163996,0.0303697876300309,1.6155,0.0165247689568941
37.0,0.3016027594144556,4.841480077974824,0.0765800207107962,61.99380500637768,5.9111938540392215,0.7179046552872923,7.63420602838481e-05,66540476397.1075,161215627676.47995,921181234483.648,8634855206.01408,373886294.0689564,0,37.0,23.294105785223987,0.0142674976288511,20.79788962857273,0.0191994506795557,1.6155,0.0086491923587259
38.0,0.2811429660514424,4.619321937772943,0.0742564678213684,58.7574868419278,5.908882019472925,0.7193064333724135,7.60706274904616e-05,61476674476.6961,145763978134.87955,836338969631.7454,7765675669.633338,339562336.0495312,0,38.0,25.02425838012529,0.0120982592376569,16.076161269465096,0.0172883375791078,1.6155,0.0033573734909308
39.0,0.2427324173107227,4.268638306776587,0.0805354389046985,53.653994228392165,5.920731689159264,0.5734631744402131,6.0729098951626014e-05,63264122086.222336,153928410337.58078,878316388056.4689,8130981088.895171,356689372.9164518,0,39.0,26.21945967294179,0.0285857753578252,9.241962220453114,0.027982869934174,1.6155,0.015827174760677
40.0,0.2461936751443961,4.286341328227398,0.0685415054676523,53.91161557636868,5.928419668442414,0.5906258829186455,0.0002811040168403,62654822157.944,156367464895.59177,874540509249.4648,8680843069.949472,359216154.1294688,0,40.0,27.736176783671155,0.0383264702442728,8.096527875123074,0.0615060848661161,1.6155,0.0196269712906385
41.0,0.2312956715392861,4.133958988134631,0.0794788661385399,51.69335252327032,5.911877171861297,0.5859203751160175,0.0001140414791852,68639585806.67574,175283343874.4834,992449101588.778,9207080040.498268,402462808.0159315,0,41.0,27.586759203915555,0.006595422365565,6.170263732972046,0.0343891583352616,1.6155,0.0106133964104436
42.0,0.2348459682189047,4.17242768000437,0.0786778844080637,52.24985270135937,5.91851257988534,0.5783710601363726,0.0001084322022944,56278911136.01562,132933271167.50133,757282582965.4824,7211356380.207268,309361577.9136731,0,42.0,27.469020233337986,0.0353291261607349,6.797478233559877,0.0405974621757449,1.6155,0.0133232939199104
43.0,0.2381752986695318,4.213762765161988,0.0837132939173053,52.84688175663265,5.932044580243232,0.5819188023428025,0.0001589154470753,54437654270.86012,124964263918.88506,711269029846.1349,6944609018.178735,291991421.25009,0,43.0,26.271417452543794,0.0165946309724097,8.45648961309508,0.0459395610945716,1.6155,0.0268051948589646
44.0,0.2825186927162701,4.706256997598207,0.096812401529893,60.02401293539248,6.173637375985937,0.6061414456109535,0.000334535686241,84459569572.31181,211240921934.2253,1175206682203.3147,11607566160.244892,479987321.2035832,0,44.0,19.79244588453525,0.1746803843288043,21.23291409826859,0.1342231731873615,1.6155,0.0891979025681053
45.0,0.3078060379432042,5.070134930685168,0.1054032046194025,65.32423021770248,5.983195782013745,0.5805077687728706,0.0002407211910451,80376093146.29907,199857069863.17877,1132570943035.684,10850593197.039965,460179763.7996556,0,45.0,14.275959802122127,1.9827111434476248,30.43250653294369,0.1632581919328765,1.6155,0.0492000796599104
46.0,0.3073636807733748,5.110077124753786,0.1120038127017257,65.90357540359553,5.935759726093773,0.5760771142859172,9.735036694915332e-05,71298124449.14694,168894418125.23697,967816041108.0492,9291262292.199127,393227448.9558813,0,46.0,13.554922877463868,2.3793482258779384,31.239565372497367,0.0916890221222296,1.6155,0.0191096319618069
47.0,0.309555030540912,5.130845924671684,0.1157746944593879,66.20721086646792,5.9323501708096495,0.5788956725781581,0.0001105985000308,72845233074.3322,174470084129.82242,996755404936.9108,9648294389.0906,405277792.44933903,0,47.0,13.215006058105345,2.2348424045355912,31.925171674166045,0.0745752505843085,1.6155,0.021588475250655
48.0,0.3079198990985659,5.153592115428344,0.1078696481856002,66.53685737364849,5.9256943296223366,0.5766839285485036,8.606121490784634e-05,59441337061.77552,128402221742.71188,745006327994.7336,7342518485.053457,304563578.29121256,0,48.0,12.717411178490973,2.7387859216818913,32.25083635293159,0.0442615702246937,1.6155,0.0140296155421362
49.0,0.3048499279203415,5.106849376503463,0.1082710356315963,65.85645698885902,5.936518485466705,0.5826512966454114,0.0001678017524617,72932953161.43446,175971182427.39804,999640356544.0172,9840400786.028244,407741991.77219456,0,49.0,13.144939564630384,2.5149619320010337,31.332815470637122,0.053645666349036,1.6155,0.0246435878997609
50.0,0.30165573417437,5.043008134738498,0.106310779928578,64.92573550976049,5.964779019420694,0.5907355945354816,0.000226848834114,69929071348.51637,166333342178.09558,938947921520.8174,9533337596.31476,385279597.9862384,0,50.0,14.205692332684835,2.0789442848466875,29.764250948828963,0.06516227461776859,1.6155,0.0363949382843755
51.0,0.5265201506141288,8.020973628902844,0.0744153132994031,96.76232388997268,5.898839638792192,4.15550551760277e-05,2.130810310663216e-06,25247407485.06774,12481403135.127802,114808508852.09032,1991350382.9640093,57362567.42829125,0,51.0,20.403330111612203,,56.675314959774035,,1.6155,0.00018266556246251465
52.0,0.4746297136664607,7.029290284225499,0.0783061971396472,89.41088455636554,5.899648135760898,2.5019422316044605e-05,5.382179631809345e-06,25200859202.68216,14006793409.528715,121536835222.04462,2043779656.169422,60146637.48652581,0,52.0,20.132206709007384,,49.33082358123737,0.0082216692115163,1.6155,0.0005078224646702
53.0,0.5310557314787158,8.066139516377781,0.0725210341005773,97.49136792111908,5.899658181148856,5.51978682460776e-05,5.872477834738166e-06,25939555319.236145,14709596119.271324,126395324152.32697,2125893370.078746,62227740.30691531,0,53.0,20.352973632519998,,57.36471613044421,0.0106355246799171,1.6155,0.0005553591189161
54.0,0.4743035556919798,7.028569265437546,0.0780944047344425,89.36215457287213,5.899566379693341,1.473311421128208e-05,4.930934955733751e-06,25200099045.11196,14022378807.814363,121696288428.993,2039759984.419599,60183128.177737,0,54.0,20.18323250144329,,49.248987723603335,,1.6155,0.00048143328516949996
55.0,0.5277449595967716,8.007626901059309,0.0736788405409635,97.01764814671776,5.898473233385023,4.134278090390732e-06,5.265686738825261e-07,25052202212.993217,11557620828.488625,110116048352.30666,1941142794.9824376,55443706.00850923,0,55.0,20.282380990781185,,56.977657941208584,,1.6155,4.695915712127947e-05
56.0,0.4744029531417387,7.029439134205693,0.0781810531818372,89.3723646670256,5.899583931778366,2.828662154984277e-05,5.218860982943808e-06,25182875533.299168,13985608592.778795,121406441810.53972,2041066330.098626,60088616.368054286,0,56.0,20.172196475721623,,49.26493709594162,0.0046029533147024,1.6155,0.0004780869472245
57.0,0.5287725711684484,8.02586933734652,0.0733592413079767,97.16813673683797,5.898827012176205,1.2449683292739053e-05,2.07959502810563e-06,25338983915.286484,12549289904.693268,115287485360.42451,1998298688.5605717,57591076.619233504,0,57.0,20.301873452555643,,57.10662599335956,,1.6155,0.00021867735712540663
58.0,0.474312217273304,7.027906314237868,0.0781220850096387,89.3619149557075,5.899496236613694,2.6412431033555203e-05,5.054739031598491e-06,25085045975.24596,13628704143.153955,119466838653.9075,2022932635.2800455,59318809.54868157,0,58.0,20.17703775636112,,49.25097652125076,0.0025498981951118,1.6155,0.0004764835449364
59.0,0.5287110533299141,8.024935846808473,0.0734770783159463,97.15883720064862,5.898866229967968,2.580002834327324e-05,2.3203265995362727e-06,25318807400.448586,12498507649.40812,114951505079.348,1997890658.5116413,57468441.58583504,0,59.0,20.2893153053179,,57.109861453600445,,1.6155,0.00020339727914297237
60.0,0.474384174803652,7.028906748367343,0.0781414198617511,89.36720865414672,5.899541122893782,3.065523232448913e-05,5.180413642144762e-06,25135758173.092785,13757425397.79482,120165007588.03777,2029978783.3393312,59618957.8494724,0,60.0,20.177912778774708,,49.25230724991373,0.0066513509742229,1.6155,0.0004866188029283
61.0,0.4618781840605279,6.592758374374098,0.0514555133279943,87.49053389355137,5.904284585608058,0.0655720685125855,7.175808939891201e-06,50223167460.31401,102297399301.01875,603488072978.2604,6116213297.380835,251047692.52826348,0,61.0,23.495237339332153,0.0090627712207616,44.07456816360298,0.0237825172826637,1.6155,0.0016474387917046998
62.0,0.4264649557290349,6.159055172694744,0.0539099171934372,81.17511823465813,6.03066025819101,0.5906818037647452,0.0003649202807837,84549243608.9488,203078159005.6645,1162979991677.8418,10918207233.77638,469258948.26028943,0,62.0,17.118855340133205,0.495718440540087,42.495987391141185,1.4090767586928707,1.6155,0.1988474223567988
63.0,0.4615738820731726,6.609194310328479,0.0463310015033963,87.72977149860924,5.944913228267332,0.1047454337554712,0.00010156608233,63693224332.74854,144938994733.00922,837858885322.2605,8193712554.941335,344043538.5592037,0,63.0,23.084251861926866,0.0495194528989547,44.42507595682212,0.031746979523668,1.6155,0.0494444715916084
64.0,0.4345924989573714,6.2601073105870455,0.0549448359308949,82.64662868394983,6.017358684192653,0.493778360555488,0.0003168592556206,83598227158.14713,201079617243.65808,1152201170379.8125,10850812894.531475,465403902.1821783,0,64.0,18.046263743398022,0.4382582183780609,43.13923107416631,1.2186728411163554,1.6155,0.17065061969247408
65.0,0.460967271356855,6.600681908457471,0.0458189461000913,87.60524311518014,5.95005666440936,0.1190259041566668,0.0001123671670763,64688887907.45699,147831095249.17972,853885628087.9445,8332346992.288043,350255369.2681751,0,65.0,23.018012008046725,0.0542424478653677,44.38599790713518,0.0400030746744657,1.6155,0.0553434682374638
66.0,0.4364705932817082,6.281692258800153,0.0551022783905673,82.96123116172268,6.016166967015485,0.4638654842601598,0.0003049838402282,84967276455.57495,206455139699.518,1181434840881.347,11121943965.433865,477227934.33337975,0,66.0,18.445875663275803,0.3666739611132567,43.10439537573324,1.1737579908938,1.6155,0.1654389315037924
67.0,0.4607212016791348,6.598288980135215,0.0458688083465981,87.5704427944359,5.94790295255914,0.1252215063537993,0.0001089624327331,64770168419.32279,147858089488.8717,854339821524.8505,8332968313.317435,350382163.77174294,0,67.0,22.96899143761561,0.0654227167354221,44.37337407552691,0.0528134003224024,1.6155,0.0538818952766701
68.0,0.4358348620855163,6.27521401545098,0.0553352905343254,82.86672390868048,6.014773345230751,0.4660722998173373,0.0003081894988426,83693544880.8871,202145933296.2539,1157817255612.2373,10909409556.427908,467778342.4973973,0,68.0,18.458012937643105,0.3471471329962534,43.019647800281255,1.1635287159765535,1.6155,0.1586949965241961
69.0,0.4603923296398559,6.595153342551247,0.0461313921646397,87.5254376189919,5.948183155953181,0.1261089747213065,0.0001119057990528,65714934446.23045,151183353987.8049,872589316131.6351,8495607534.962148,357638699.6456439,0,69.0,22.925920707037314,0.06576239627048991,44.37530835330952,0.0493087615073457,1.6155,0.05712019326573
70.0,0.4372317010473804,6.292193964844722,0.0547847671338967,83.11374765008786,6.010680611149645,0.4464537176829269,0.0002938111606614,81480873639.9433,195081702185.83008,1118610080341.7043,10566071740.891869,452468453.5147199,0,70.0,18.760719584375458,0.3227402519067295,43.031441749058644,1.1085246174632584,1.6155,0.1499583633572102
71.0,0.4732717785524891,6.670234399811039,0.0513022929260532,88.61855568714039,5.906789938232477,0.0627681892077579,0.0043944498899485,44923057058.46343,114871418262.09608,536225389817.2424,10624612537.541391,261327346.2889431,0,71.0,22.85749879340295,0.0071103880254124,45.47087550544033,,1.6155,0.0015438664845941002
72.0,0.4356613185376078,6.300917424162791,0.0534285832609489,83.24118508227293,6.049496587033927,0.5280306562839651,0.0052855684610858,96198733548.00188,294114679135.9634,1436671256010.6743,21837071941.58984,639787114.4707538,0,72.0,17.390174608867028,0.5548238590769906,45.2962553317259,,1.6155,0.2061706565628708
73.0,0.4704595494609546,6.65671184721952,0.0481882141848584,88.42172196492511,5.956067945548574,0.1133833772410757,0.0038380930173437,66175442513.667625,185415285653.17328,917834892953.1729,14225042686.513662,414521824.2187412,0,73.0,22.273996094431215,0.0444142287392196,45.716471512096,,1.6155,0.060521582857515396
74.0,0.4449223222136329,6.397416270305786,0.0552730030889308,84.64635616671916,6.02930276448389,0.4155839962766255,0.0051935407994508,90358595229.7406,273833655926.55392,1334989063697.586,20596560720.77262,597407988.4584163,0,74.0,18.486174363233957,0.4499834841226876,45.529928211021975,,1.6155,0.1671920901547953
75.0,0.4648055541846837,6.594993773437595,0.0454940649807547,87.52272614667423,5.9726476173769365,0.1904656561593406,0.0034986789764129,73402642055.84831,207829314164.46777,1044427520925.9677,15204772251.000835,463514127.6286384,0,75.0,21.744889057085306,0.07555925139370359,45.47422443156438,,1.6155,0.0867728380461725
76.0,0.4455980526653483,6.395680686118072,0.0549514526717644,84.62095523814084,6.032988571299572,0.4167758336608759,0.0053126614956017,89948842041.52457,273725927355.80795,1328898091937.022,20734877781.62391,596457997.5961089,0,76.0,18.588906317142058,0.3626911415146923,45.5154379909459,,1.6155,0.17583043287128142
77.0,0.4622671056680313,6.565784532898647,0.0456241901060387,87.0976603542309,5.973384784248741,0.2228174972132819,0.0035964255112781,71090155763.05362,201219209687.5272,1001391467281.1595,15067764857.035692,448033647.1543123,0,77.0,21.407674444955394,0.0834879907813849,45.40313096783564,,1.6155,0.1009843941725263
78.0,0.4472055676135595,6.412693681409084,0.0555866021741216,84.86879009053202,6.037060071619202,0.4035396134149567,0.0049086705521911,92298684707.12811,279615854278.483,1371009153935.0183,20739838074.456684,610595313.3105441,0,78.0,18.69399602224319,0.3285816778540665,45.696101381028384,,1.6155,0.16378365291163322
79.0,0.4600650739435118,6.538755561435448,0.0453766128113484,86.70413428327477,5.984928781026212,0.2492797927048191,0.0033773401115577,76368144675.4249,217963425609.44284,1096449117994.7004,15777464495.36086,484966381.85868186,0,79.0,21.133536819184933,0.0888711793983775,45.383492834397586,,1.6155,0.1151241063880714
80.0,0.4467668306627754,6.410894166575682,0.0558442247263013,84.84257961885717,6.024768403566333,0.3879842912645957,0.0048353037897342,88736309296.38425,266704064347.731,1306481715417.9617,19945471422.378983,583272823.5912477,0,80.0,18.941627330890128,0.2875543435693698,45.38879992899668,,1.6155,0.1653746146672798
81.0,0.2133797045176663,4.11940891516728,0.0720092422374986,48.06349748984985,5.898398423425249,0.5702150264195077,1.2196365701540114e-07,20280814758.748016,10182397580.852554,89357470400.92726,864994208.4572799,41171125.879802585,0,81.0,31.238051597740395,,,,1.6155,2.0486185059570966e-05
82.0,0.1886410132495461,4.201928488602991,0.0907367183878416,44.0194718081856,5.898387028674744,0.9639521867528136,7.41870922211067e-08,22079092921.80379,10048472948.761057,94136939224.96988,881455157.2758067,41045362.466933526,0,82.0,27.6163926586161,,,,1.6155,9.874913928090705e-06
83.0,0.2036349132749569,4.105513498896608,0.0687195039554801,46.290052251828406,5.89866841909589,0.9635821996901922,8.205866910302447e-07,22153206680.593376,10583286226.830791,95775792335.55444,891686710.895957,41955295.30464217,0,83.0,29.809006082017294,,,0.0006874053401419,1.6155,0.00010781862743971001
84.0,0.1892570209148259,4.175962330374655,0.0895181750092117,44.11807665926617,5.898394785554304,0.9639386872111192,1.0129632371422655e-07,22036319835.8954,10034516192.941324,93942913758.54388,880161431.5480156,40948734.15285358,0,84.0,27.706574052746866,,,,1.6155,1.2493416522154819e-05
85.0,0.2036233465216526,4.106279557670697,0.0687366906308112,46.287986091140205,5.898408408291407,0.9639330838725176,1.468137868284937e-07,21952456653.058563,10019487987.749569,92773075536.98811,860010248.203919,40673946.32858519,0,85.0,29.809754491535198,,,,1.6155,1.880588229981663e-05
86.0,0.1892581794616809,4.176020479508905,0.0895205551760504,44.1182023802581,5.898387139478899,0.9639545616671604,7.89929234918988e-08,21890461985.793056,9926424157.968464,93191778230.80292,875460916.1790326,40539809.033321954,0,86.0,27.7067436600041,,,,1.6155,1.0350990261642185e-05
87.0,0.2036091716489548,4.106022969167338,0.0687555268037861,46.28604445490544,5.8984062233031,0.9639251895678738,1.297315947456649e-07,21961400036.2123,10023318565.92896,92809831765.56972,860046131.9908931,40694401.23421249,0,87.0,29.8076793391409,,,,1.6155,1.658901282388418e-05
88.0,0.1892518788808639,4.175966187286906,0.0895171407400175,44.11734062141329,5.8984105352798135,0.9639228514985648,1.3748173602732394e-07,21967885155.47628,10013144430.503157,93729352656.56937,879744194.0012383,40807608.44170989,0,88.0,27.705821276738554,,,,1.6155,1.7965578688098212e-05
89.0,0.2036150270070578,4.106140895577128,0.0687590835233491,46.28681629519083,5.898384924887688,0.9639548836841338,7.605711169587241e-08,21993466879.676632,10014764182.68843,92823738507.11491,859061013.8176432,40728530.14587357,0,89.0,29.8085365433392,,,,1.6155,1.036872196793535e-05
90.0,0.1892639450052348,4.176059010429786,0.0895196831768092,44.11902949972984,5.898375294255414,0.9639649176210004,5.2340845492648886e-08,22049907623.07362,10014619172.839714,93871553543.57497,878757400.8837082,40935035.348059535,0,90.0,27.7075877156627,,,,1.6155,6.6018025655113664e-06
91.0,0.4955740614631264,7.085008104473599,0.1561112495614454,92.09080886315196,5.908301663216882,0.5702074107623075,0.009206431092601,38926532904.4768,110212974655.88605,358108098052.0866,15494671083.350555,232404087.56472015,0,91.0,,,70.89513921212031,,1.6155,0.0001969135631974321
92.0,0.4883113439953589,6.884824564671829,0.1059846704897481,91.18475971307356,5.9122375424956095,0.9998743597733484,0.0121030807234566,41920510868.61095,138879734220.79993,418685784751.2143,19579920418.08268,281399099.1942602,0,92.0,,,69.28590142042843,0.0126097035720016,1.6155,0.0007579850164628
93.0,0.4782997870695002,6.875076092760123,0.147669198040033,89.12654581352072,5.927255241076,0.8403349070876883,0.00664200318093,61284094653.24616,167244485518.40152,750822157558.6548,16007916417.505436,366315135.1472105,0,93.0,,,68.41952593992148,0.1991066340708655,1.6155,0.0196413345585406
94.0,0.4884794263087158,6.889051980881592,0.1065143693262016,91.2266210149252,5.912255229551398,0.9908793680913844,0.0120415602900622,41903182353.085846,138619386806.17178,419270264596.351,19511445845.244453,281030117.0279898,0,94.0,,,69.32013000229094,0.0132136776550894,1.6155,0.0007898815525934
95.0,0.4786924136395311,6.876955439795109,0.1470030006583924,89.17954902146865,5.927943510246766,0.8459003421025678,0.006620954507931,59930678587.66275,162177371277.3834,724015663984.4025,15729453565.913212,355352241.82470685,0,95.0,,,68.48558607946329,0.1973582601090149,1.6155,0.0189751170367534
96.0,0.4885306271740657,6.889224800356657,0.1064289485078139,91.23297502431792,5.912191298720325,0.9914019287318632,0.0120557336409225,42148578629.81477,138928953573.4832,420791253823.963,19537444989.87423,281929785.8364302,0,96.0,,,69.32692572190085,0.0124248823521196,1.6155,0.0007261285625238
97.0,0.4781744056083043,6.873355820816797,0.1475291075729395,89.09742797385772,5.9276287624995785,0.8475219028862659,0.0064664758767426,60376706850.41661,162722524200.5044,731302367373.1802,15639058435.994123,357083233.9563569,0,97.0,,,68.40996704781821,0.2098949983295097,1.6155,0.020999392105025702
98.0,0.4884710636511486,6.888359329862671,0.1063614709960594,91.22344594678874,5.912072239535677,0.992132813983004,0.0120685135401911,42182674171.71909,138910451525.35303,420410699446.9788,19546260415.936077,281937831.7337009,0,98.0,,,69.31800314198368,0.0114276701401834,1.6155,0.0006870609668796
99.0,0.4793272339106036,6.882621896782708,0.146750588984393,89.27152096404643,5.927694155790071,0.8453741001613473,0.006652909675674,59881281581.15332,162277164292.62357,723486791562.4468,15764176391.998104,355437572.7246851,0,99.0,,,68.58112243264914,0.1931893585102018,1.6155,0.018262209521944
100.0,0.4883280191721572,6.887533135436748,0.1065778414949918,91.20113697063974,5.912336356536949,0.991390294161536,0.0120261313244405,42455453270.5821,139474977834.45786,424807977440.2429,19538638938.96932,283369524.778958,0,100.0,,,69.29805726897719,0.0146353906125856,1.6155,0.0008601331511708
101.0,0.4139533660105947,6.444772171311096,0.1385252360572654,83.3244536097732,5.905235889766189,0.5701663596817853,0.0050086579271762,59392444726.625336,155379449799.16086,737399979180.1049,13717127702.349855,346786362.52319294,0,101.0,,5.159565569517063,59.36686875912873,,1.6155,0.000201824164315732
102.0,0.4869304123785448,6.873111407630773,0.1062512644992418,91.00221008499882,5.9122375590845815,0.9998931214760822,0.0120541102128582,41816038032.34755,138079795804.98874,415839401241.4803,19497150090.78749,279886795.4451262,0,102.0,,0.0363592963121329,69.08671637911132,0.015349202320014,1.6155,0.0007263396197623
103.0,0.4079794628093968,6.324494954975847,0.129500789544417,81.71471564124506,5.922235600232434,0.8366013301780748,0.0048662899591486,57074262944.54433,145121666326.13818,679407111161.9492,13252130444.6058,323415776.4739632,0,103.0,,4.767948250954619,58.43212713674117,0.1396850207322559,1.6155,0.0144016044568717
104.0,0.4884424467832882,6.891038000648102,0.1067702103022866,91.24586018076616,5.912382159785746,0.9844297199443816,0.0120205896624642,42112625949.6303,138850518812.0178,421324027476.0017,19505418898.443195,281810025.7292449,0,104.0,,0.0261214976014193,69.31477838203062,0.0150445632607365,1.6155,0.0006903786760605
105.0,0.4078628799372196,6.32203203030446,0.1290377105047979,81.70727640279493,5.921545232814131,0.841205357750857,0.0047875247238508,58739353913.96511,150302140105.5429,710558233293.7754,13429345132.600073,335056154.1374708,0,105.0,,4.768815130691058,58.43127109138689,0.13620846949458149,1.6155,0.0139729858442118
106.0,0.4819276176733407,6.842464482035553,0.1118447368962488,90.29178797451112,5.9218287823526055,0.9729703237563592,0.0109726680406842,51348069129.20145,163030812663.3733,585479592052.3799,19805107496.08642,338799952.42190766,0,106.0,,0.1438185414076526,68.41872885363647,0.0787001724966566,1.6155,0.0075587076916312
107.0,0.4058587949817318,6.299012651439426,0.1244352115141147,81.55614655603506,5.918048822019972,0.8824901006941632,0.0048264983660397,52739639766.86387,128985992418.14398,593728134763.7466,12386436653.854488,288312799.5271867,0,107.0,,4.910834437251198,58.15885713328105,0.1151802817952991,1.6155,0.011814352265825199
108.0,0.4852545672855625,6.873963818348104,0.1114064617516803,90.78663902856596,5.919605430143292,0.9545513398631776,0.0113315335561642,49371352769.25658,159168310215.06793,553622682052.1776,19914374035.136826,328985650.9686068,0,108.0,,0.1030504122005501,68.87765523777713,0.0609416964951821,1.6155,0.0055036615729095
109.0,0.4046302019863766,6.285850609726245,0.1223333145788014,81.45374301899588,5.916905568175278,0.898734249465448,0.0048422007448996,52901826196.51137,129389757923.94148,596041204451.2593,12402820461.467163,289131441.29107493,0,109.0,,4.99569411250906,58.01308267506456,0.1006228464871525,1.6155,0.0103971415394644
110.0,0.4904830668329331,6.919697043820408,0.1095379123767627,91.56861691397025,5.912912443254425,0.9316807174434122,0.0121460831749108,45027324202.28806,150509387197.32883,481050186207.957,20194724620.40736,306990157.22360164,0,110.0,,0.0272625140406108,69.5889488317041,0.0160318108151754,1.6155,0.0009033391259419
111.0,0.4738065450070177,6.672899787523544,0.0511071323734823,88.6574749985018,5.908635331897885,0.0643516116285188,0.0043661351406576,50326641253.70076,133544585742.5053,638124167349.067,11555326706.8917,302092729.80605024,0,111.0,22.85517434423803,,45.47530376252177,0.0386770690086032,1.6155,0.0046137971581303
112.0,0.4499560145293915,6.311529472412355,0.0524480972801956,83.39571125035229,6.038637917161331,0.545156578842044,0.0048627220884305,86306621217.71153,259155800473.67627,1252565477971.1436,19915898533.446167,564204443.2519287,0,112.0,17.66245203384795,,44.07571011062314,1.538525746080622,1.6155,0.2285936450756424
113.0,0.4729836227735125,6.680252610769719,0.0480968782868146,88.7644694764138,5.9450054016109775,0.0998790380351092,0.003919184682012,59166516192.15128,161858673626.0927,788054408727.3934,13101677003.750042,363053030.7250482,0,113.0,22.514007984076976,,45.76597037731164,0.0356516401061817,1.6155,0.0580753505817908
114.0,0.4592443288635057,6.432718825627906,0.0545206482211066,85.16007689129026,6.011249403548115,0.437571029546025,0.0049714163610627,79874439628.13153,238844318525.15805,1139946134716.182,19018429274.250626,520453991.5400467,0,114.0,18.602657310646933,,44.90738596766494,1.294461092860189,1.6155,0.1998458953469359
115.0,0.4698167684121783,6.647364821158221,0.0472522479510279,88.28428018080679,5.9536503791759365,0.1407677156991373,0.0034089071661609,61839132608.849205,167470496835.2067,829916198919.6534,13066013606.667269,376422776.40688384,0,115.0,22.27909865457447,,45.542174454666885,0.06688007680625441,1.6155,0.07227243842960279
116.0,0.4586188086040325,6.428601816470652,0.0545067425777832,85.10008199169052,6.008874069144143,0.4248740671050445,0.0047602533441558,79485114971.4627,235911161875.89856,1133734966304.649,18584341345.04029,515279026.2077752,0,116.0,18.778398048542527,,44.73104731206884,1.27162127054275,1.6155,0.1953594688774802
117.0,0.4652982418436179,6.593371997516504,0.0448210076083086,87.49936996484489,5.970362338000046,0.208213279095892,0.0033512675209383,65065861122.75037,180162348217.9009,888548353210.2664,13962635542.470606,402294130.5200775,0,117.0,21.736832417969598,,45.43561896856092,0.0515174519271351,1.6155,0.1027544332884665
118.0,0.4454911514016316,6.248682570600215,0.0503022419306361,82.47835412417488,6.032587482004088,0.6609843493335247,0.0045913722840001,84808298641.09763,252564915201.6794,1215704891137.4546,19639751944.01584,549400905.2582809,0,118.0,17.03899477750698,,43.70279017526191,1.7199253881649939,1.6155,0.2501130719637827
119.0,0.4755736031420827,6.7080548782663785,0.0526963736634585,89.16914246527033,5.943134387528014,0.0918149607436611,0.0048118071700794,60228298590.76547,170574159761.5944,813777185312.99,14191509307.023512,379432451.4098829,0,119.0,21.7044190068314,,46.72529107074323,0.031788128585601004,1.6155,0.0508907719416824
120.0,0.4603258036685742,6.42082178007331,0.0531094777420275,84.9868801293843,6.021339080158269,0.4775091735161017,0.0052921058683293,82495048909.31146,249493034969.1891,1188378483907.7249,19786570264.883232,542274191.32922,0,120.0,18.286245411839516,,45.172140588933125,1.4103872710338652,1.6155,0.20037516589616108
121.0,0.4623059354567385,6.338197729374011,0.02376297639409,83.6112909699982,5.956953853720681,1.0003202480562463,0.0333926797423183,83660762370.31638,426857780318.3639,1432803801084.7363,48726238038.078064,835863750.1769143,0,121.0,15.183129204720041,0.10442207120235619,47.52893397702059,0.2534198661325712,1.6155,0.0043213633041512
122.0,0.4651357298637222,6.450537432438491,0.0361653265396981,83.7862136573129,6.016308016218871,1.0004011829627355,0.0268870851870584,99983459297.9415,459676918894.5126,1698865879183.117,47909862193.36635,918599205.0740874,0,122.0,13.026696236965773,0.3844962230546184,48.65530322679673,0.942234008946017,1.6155,0.0154721082261519
123.0,0.4702135276753402,6.549075341340988,0.0335477321540493,84.66920405749838,5.995299665181031,1.0003458453411678,0.0266615539183408,93892918654.3271,429732968714.95874,1577532647181.49,45232891511.64635,858640949.1965293,0,123.0,13.856625166672396,0.2639471511071922,49.793862974206654,0.6157575537659608,1.6155,0.011617926865985
124.0,0.4671194552796566,6.416568505044035,0.0302237046138839,84.24277755357176,5.984698614846756,1.0002513127680503,0.0346222012230131,91223940778.65388,471501852072.9915,1588563185340.2295,53481671682.49504,922255712.4943151,0,124.0,13.051775821571875,0.2246127466751948,49.10525882790215,0.5230438762366962,1.6155,0.0093679288326714
125.0,0.4679919758583886,6.553763880798299,0.0359344387156043,84.25738834019492,6.003766827015688,1.000392602289768,0.022124120395835,97898477420.67387,418450044696.4659,1623039191463.4402,41623225048.49794,847589814.2827007,0,125.0,14.10789846281181,0.3332366166346767,49.221727745618,0.8097200065416509,1.6155,0.0142833669701235
126.0,0.4796503404258372,6.504103755586989,0.029323830989778,86.19749707834421,5.96553086283962,1.0000614682884552,0.0444797482359873,89646502043.6207,516402449231.2514,1617857140335.6543,61922807042.17905,993109975.1440226,0,126.0,11.527980421591396,0.0772493037268019,52.39590642993221,0.1753897815223982,1.6155,0.003324295754182499
127.0,0.470978543677688,6.589394178649983,0.0360170177775442,84.64075954307235,6.01042325504288,1.0003073718771036,0.0215477935788808,95332662805.08598,403434761779.5156,1564243660806.1458,40215287847.83301,817843360.2214841,0,127.0,14.15670555722954,0.3374547125651553,49.50101581702455,0.8659000206283083,1.6155,0.014377154064243001
128.0,0.4799677071522144,6.5069158551165645,0.0283584246908486,86.23933357318907,5.968796560884871,1.0000485551562743,0.0440840107199966,91095434733.50552,516886655735.7005,1637794660130.1873,61454267130.0062,996514436.2109988,0,128.0,11.673710639041044,0.0809810156633114,52.32162822464136,0.1816380394028908,1.6155,0.00333697431976389
129.0,0.4701336394489416,6.616516281713298,0.0405055745741961,84.41190232077811,6.022362533631059,1.000933044789051,0.0172627860995729,98876116378.699,391204294667.53937,1599666729629.3738,36708201833.04495,804167283.3268594,0,129.0,14.175154696140348,0.3958621084975344,49.46115930638429,1.056595162683772,1.6155,0.017350066859487402
130.0,0.4773847176410765,6.481592799294078,0.0300030215101027,85.86912883682982,5.9704409215442364,1.000046304314091,0.0444557844403671,90131134547.57677,517528853447.0788,1623906309215.1572,61979898600.96115,995684612.0194263,0,130.0,11.47300653168094,0.0807642160291892,52.14072812895682,0.1756360313856622,1.6155,0.003398211859922076
131.0,0.4738452394152898,6.675257215484258,0.0510337290853032,88.6918632556769,5.909156353701371,0.0619603021670419,0.0042634472663089,66391452701.42727,188409567766.4487,943472735187.0,14126230379.01052,422612868.0939162,0,131.0,22.890526867038695,0.01204394489584,45.47209104373747,0.0353494608517227,1.6155,0.0065614783012198
132.0,0.4594852786345156,6.481424204767303,0.0570438043454351,85.87225957541239,5.999909735192367,0.289524933003592,0.00498803244504,85805948958.75,258561039867.48743,1266964782138.7888,19380333778.942383,566700248.6474371,0,132.0,19.58228531020702,0.3171412203113931,44.85398691205198,0.8193441131406592,1.6155,0.1000352391427222
133.0,0.4636367637922736,6.5673281217395925,0.0437435105122047,87.12127279385606,5.999755681313317,0.2190032251852212,0.0033004232984607,72815703386.03227,203717389796.41623,1024728882783.577,14851909588.745909,454631328.3586248,0,133.0,21.62079116762385,0.097411156073027,45.356130570469425,0.06165032096148,1.6155,0.0714983843167362
134.0,0.4619662368781017,6.513527114259407,0.0578794962789204,86.33952963901173,5.975402481151755,0.2149619074296264,0.0049701505435256,83087279897.83955,249421374336.79932,1230155362920.162,18529342185.63409,549020647.1853794,0,134.0,20.378656275355773,0.1543726347777845,44.759815896574594,0.6282866191614347,1.6155,0.075631542698288
135.0,0.4728635985568704,6.677026850593586,0.047147734266137,88.71914143877521,5.945317717911703,0.0931184495897495,0.0038206437437796,80025386839.79195,232330306168.03653,1185122792147.8848,16231889604.543436,518465120.2674953,0,135.0,22.64712140838316,0.0570047407182627,45.69592293916623,0.0180148481791109,1.6155,0.0366836261134709
136.0,0.4524921728363067,6.38195666309585,0.0522871579099579,84.41973186684604,6.042839746570148,0.4384265843202639,0.0050230576535219,91143079222.78198,276415052616.0765,1347749004946.1672,20717780069.276413,602587340.9277232,0,136.0,18.266945989087038,0.4097014442391649,44.45609998635196,1.1887250356984829,1.6155,0.14589309602710498
137.0,0.4731350047695051,6.680915620851395,0.0479304237629297,88.77400565026703,5.9529565400189846,0.0831620231386961,0.0038575555198963,71217717045.55559,201452862076.3966,1015450865078.887,14720542679.074371,450960980.12779945,0,137.0,22.64553580234392,0.0418340052611013,45.73509821531964,0.0156424702511445,1.6155,0.0343913702251062
138.0,0.4467321211328865,6.310541968700837,0.0535824192961885,83.38286145122959,6.059394461049654,0.5077718924212828,0.0050316030397061,87951556796.64983,263856170969.7832,1277630266099.817,20105781119.10981,574651565.5822176,0,138.0,17.248386681800156,0.5161032830389172,44.42714623157667,1.3287430434288583,1.6155,0.1524705203431581
139.0,0.4729508731193801,6.678745321819826,0.0471901197187096,88.74315445486147,5.945692366730448,0.0820127626892993,0.0035112276149115,81847349298.08614,237529944011.5668,1219832098967.545,16307017090.800615,530630672.4573015,0,139.0,22.838643316925726,0.0288156506884008,45.54139067641696,0.0086762800658976,1.6155,0.0355044502631463
140.0,0.4566043010160969,6.435537686426079,0.0559030937214114,85.20367315403361,6.0137837685195406,0.3595732736847936,0.0051405224641788,78102643055.74683,232927156465.7922,1111203914320.6597,18572151128.905445,508280068.11569214,0,140.0,18.989654526632435,0.3939195367600997,44.49931620556942,1.0827804860306236,1.6155,0.12265646637536261
141.0,0.4349604367059857,6.160108739195209,0.0444157434924443,81.19207039560342,6.020945352506685,0.8592850903241266,0.0025042912084316,91082851519.89156,255670229799.177,1308461570024.9048,17624715875.11546,565403552.2417502,0,141.0,17.622880884511392,0.4056541080957069,42.86556113172028,1.207130813454607,1.6155,0.21697725736610368
142.0,0.4133213538332929,6.158987961107555,0.0352889961497318,81.17680478164925,6.195045874577167,0.8083263292455146,0.0023827488802514,136599220626.20895,407802693714.9305,2109170439322.8103,26229991883.76045,893383408.0527608,0,142.0,16.687748010835946,0.027949233215912198,42.8289628771071,0.0017802524164895,1.6155,0.4802477401376206
143.0,0.4389561900769864,6.177956826106279,0.0437901795899599,81.45266894877773,6.019360574660218,0.8432092197443084,0.0026403231337276,85869223309.99362,239372179752.08817,1209661733339.1345,17034784579.270662,528825287.4437794,0,143.0,17.830113674607446,0.4349770682033592,43.05424416595066,1.2598252129963095,1.6155,0.1388516498329896
144.0,0.4153477839094726,6.174988757821162,0.0349426682599728,81.41009762736982,6.182149613204248,0.7969882869842443,0.0024786568426557,130771474055.11424,392354871072.6406,2007503756480.2903,25946795749.306686,857458439.829674,0,144.0,16.904008903916868,0.033680468922772204,42.86772303872722,0.0039264440383851,1.6155,0.4599525593447505
145.0,0.4370631569539712,6.174975749424385,0.0437586856841539,81.40819119523664,6.013629325602877,0.8528044484834484,0.0024457277730204,86178241166.60146,235277264130.442,1209820275024.3308,16247252696.10134,522721944.10540354,0,145.0,17.760585179656594,0.4111194588569664,42.9811239523249,1.237751995096109,1.6155,0.1858512481003687
146.0,0.4143337783688035,6.158678852157172,0.035077710064249,81.17252683117435,6.170178238545941,0.8104068116800618,0.0024611259014636,129031390965.0055,386786698355.364,1977428814076.077,25645027543.84935,845484540.3100965,0,146.0,16.77015049537547,0.0349917984554012,42.79247226650014,0.0035552992819427,1.6155,0.4333011724781601
147.0,0.4363805878460474,6.158102808079028,0.0419434528022307,81.16358059295875,6.033451469204298,0.855804609022722,0.0023720673924311,99027701644.60156,283215560324.4033,1456786230534.5977,18991456869.2298,625292378.9803292,0,147.0,17.86546773089308,0.4329043676137224,42.7287364416178,1.2622747806223102,1.6155,0.1649408887010129
148.0,0.4165356358841366,6.179767243031629,0.0341263256887377,81.48055525647868,6.178190298400889,0.8030376912240254,0.002422327203775,134630218159.29308,408100402504.2755,2083362215070.9524,27004412548.989807,890657125.0589405,0,148.0,17.02263831752548,0.038200946779176195,42.90506918267107,0.0057312317226949,1.6155,0.4292761380685649
149.0,0.4340609979721559,6.140355653735219,0.0425982015581516,80.90415663884555,6.019935541597156,0.8650091306164323,0.0024147967267482,90707943328.8538,253900544702.12677,1301015851281.794,17428732446.682213,561867636.9552624,0,149.0,17.830743914124984,0.4158117734476495,42.5121140358147,1.2205498746511467,1.6155,0.1737126882319558
150.0,0.4160281586720374,6.177375273686958,0.0345505440208295,81.44511139793354,6.20028066246737,0.8066582977640141,0.0025409305695929,134806665322.45592,405778846043.7184,2078396991330.5657,26660818594.84438,886502630.4740319,0,150.0,16.804523366874818,0.0303676590954018,43.01534029818622,0.0016859000343961,1.6155,0.45635748006500987
151.0,0.9999856556478712,13.096692044423644,0.0290126659383678,163.1753802336638,5.8984138590742505,0.8231139840820028,1.6654412643343205e-07,29397242326.287373,10514972538.454184,109830459885.72176,1528804934.0242538,49603824.40009301,0,151.0,13.8644524482029,,59.62232220157201,,1.6155,3.4917562844983055e-05
152.0,0.9999904476451744,13.096744494924607,0.0290129496614808,163.17608530667533,5.898404587451664,0.8231505537713087,1.468884304383011e-07,29370456871.18982,10473760776.708618,109586746391.19336,1526794245.5773747,49491170.76367884,0,152.0,13.8644318146146,,59.62231452391721,,1.6155,3.185638066402324e-05
153.0,1.0,13.096833998642731,0.0290127773335209,163.17747814310155,5.898414358027665,0.8231459698851146,1.817829080177392e-07,29379473979.16804,10494263607.575188,109693555813.20932,1528085917.6151664,49540215.6244876,0,153.0,13.8640733945475,,59.622553153254536,,1.6155,4.1574462765399655e-05
154.0,0.9999838463536806,13.09668924307821,0.0290131646335135,163.17512844864584,5.898384345121071,0.8231839820829161,8.495058501212646e-08,29365071917.957863,10423803149.385069,109346406200.28476,1523670049.2990432,49396238.77117567,0,154.0,13.8649598776983,,59.623060899540306,,1.6155,1.859792661079486e-05
155.0,0.9999827209944708,13.096680981833662,0.0290134664225662,163.17496901617807,5.898376571159988,0.8231977479012955,6.75380431900968e-08,29342009671.047318,10395600658.841345,109175621489.38928,1522239955.908327,49312274.55876769,0,155.0,13.8650304834811,,59.623530138201204,,1.6155,1.5838975555600423e-05
156.0,0.9999983907551284,13.096820974105936,0.0290125897744503,163.17724879129423,5.898409679109565,0.8231489140438633,1.593504868504555e-07,29371025913.95366,10477494199.989824,109602142280.481,1527110854.8520637,49498325.44308442,0,156.0,13.8642978509892,,59.622079335473614,,1.6155,3.600734903054018e-05
157.0,0.9999821804385924,13.09667648861124,0.0290132644020768,163.1748832706188,5.89837453450417,0.8231995857404476,5.931418316860929e-08,29350326958.48424,10396710523.934437,109196541000.59908,1522136717.3295915,49326878.84364069,0,157.0,13.8651532976858,,59.6236744253508,,1.6155,1.3641739505672437e-05
158.0,0.9999912692108736,13.09675610896769,0.0290127413981555,163.17620993352105,5.898398330192181,0.8231668417185496,1.2486188532830812e-07,29456979212.51935,10510143386.902128,109901419221.02963,1527883739.2811084,49685478.74445199,0,158.0,13.864566220453,,59.6222591978051,,1.6155,2.8704017605487877e-05
159.0,0.9999809016278292,13.096662649441058,0.0290131974721941,163.17469777287656,5.898376400282153,0.8231968831053711,6.698909329536339e-08,29365449436.578484,10410134840.415346,109283758586.74184,1522794022.8394666,49373102.20054442,0,159.0,13.8651302016154,,59.62354294556869,,1.6155,1.4799413363847368e-05
160.0,0.9999887522036726,13.096734247105504,0.0290128535354837,163.17584542727715,5.898391531165816,0.8231763366909501,1.0677595364394437e-07,29397244712.028263,10459253736.693718,109564199099.15376,1525502958.696724,49506524.4584352,0,160.0,13.8647454092865,,59.622678656911006,,1.6155,2.438075647519849e-05
161.0,0.749868757817765,8.396324460944276,0.0316447217797399,94.73748102457796,5.898488828946171,0.8230918827902722,4.407335398001967e-07,26282006119.45509,10605933585.682228,110610722469.91054,1542210559.3076224,51305496.45540764,0,161.0,13.682058255330686,,32.40624177167205,31.844947806730772,1.6155,6.932368963554854e-05
162.0,0.748515254966507,8.380410410847283,0.0322615269652521,94.50471883574262,5.898466585764617,0.8230917625086107,3.7911943493899794e-07,26281376524.230877,10593790386.983574,110603586739.81862,1542874075.6760695,51294268.96433149,0,162.0,13.5770131680238,,32.250158771109874,31.876437779865423,1.6155,6.162915364732352e-05
163.0,0.7499939492931557,8.397233198133696,0.0317069708486647,94.75256370697014,5.898662408057451,0.8229367056919944,1.0413217368417074e-06,26426446174.976067,11009079111.265686,112741117048.65231,1565898246.2788424,52222777.286450274,0,163.0,13.66988680113072,,32.42705985361048,31.849250781613648,1.6155,0.00016888311913543282
164.0,0.748514247777716,8.38042317545993,0.0322586931959872,94.5043511961312,5.898424035735086,0.8231598442959442,2.3403630386896555e-07,26248019125.25177,10475273859.080572,109985007293.85382,1536163335.6509511,51037766.94810678,0,164.0,13.578305599302,,32.24823245907014,31.876680995766428,1.6155,3.7266424402515686e-05
165.0,0.7499665918468592,8.396983203782378,0.0317072565848785,94.74805119339491,5.898564078324296,0.8230276794400962,7.729935592268889e-07,26344995888.715477,10781175307.467571,111524510841.44003,1553212060.1825163,51704202.31316022,0,165.0,13.669544359485869,,32.424450299478835,31.849261772690298,1.6155,0.0001261726071750331
166.0,0.7485322557599394,8.380500377962544,0.0322616730287997,94.50627877475029,5.898489618206005,0.8231035568765565,4.777383549558054e-07,26295257841.74805,10619412996.3285,110733898359.0266,1544689606.1755228,51358695.17118244,0,166.0,13.576484494990742,,32.251322490225,31.877364685538094,1.6155,7.572778204280533e-05
167.0,0.7499504088145201,8.396836277981013,0.0317240804574513,94.745410773026,5.898551935534546,0.8230324415777391,6.59916759996842e-07,26339141961.549656,10767028908.569738,111472454633.45604,1551791122.2373683,51671839.72131936,0,167.0,13.665317163215619,,32.42521023564008,31.849810832730604,1.6155,0.00010483403679894404
168.0,0.7485954648155274,8.380982655899329,0.0322568273998483,94.51444425830576,5.898606559441877,0.8230174010409016,8.535737500518628e-07,26401082403.818127,10876080352.249212,112109036277.15782,1559330523.728155,51963082.02151905,0,168.0,13.57858440581151,,32.256411614672515,31.87839696159167,1.6155,0.00013716393367677016
169.0,0.7499375439708048,8.396754694231204,0.0317172147645202,94.74382917772604,5.898513513604177,0.8230821989737185,5.323150871969792e-07,26318626516.98512,10676284625.966084,111008957869.03291,1546489299.8747125,51483235.32679975,0,169.0,13.666956038862947,,32.42252458033802,31.84939253821952,1.6155,8.322031287004338e-05
170.0,0.748526919278505,8.380523976742063,0.0322585789054719,94.50561366612683,5.898410133258165,0.823178148220604,1.793859616078319e-07,26238062936.65517,10437430092.788214,109790707354.80827,1533946549.7977998,50957025.9646788,0,170.0,13.578668131937,,32.248543412647194,31.877271784630597,1.6155,2.728142338575967e-05
171.0,0.9018023843708156,12.121929179535144,0.0441959713179128,148.95098530965905,5.898447044848674,0.5703640324260644,1.0744929294770584e-06,30921321103.322025,11039430632.90474,116674989796.43063,1827676322.5794823,54358220.05257189,0,171.0,10.1798954866467,,121.84085820976934,,1.6155,3.261313457171589e-05
172.0,0.9016551833006629,12.120440638875593,0.0442263464937271,148.92962315072765,5.898496208124008,0.5709248684606381,1.5750523080340844e-06,31056732778.408176,11313817752.551931,118224735684.3044,1841988613.9515345,55035229.25389782,0,172.0,10.1768819686209,,121.82232199964704,,1.6155,5.153234972105307e-05
173.0,0.9018036267608373,12.121949013817822,0.0441979744068165,148.95137033803766,5.898458955730549,0.5706086441286845,1.2050333965001216e-06,31037636149.519142,11192225343.126257,117606419974.17172,1835083777.367148,54798036.182161085,0,173.0,10.1786113735848,,121.84232420443843,,1.6155,3.894529700433008e-05
174.0,0.9016561138459188,12.120442840952418,0.0442300504879071,148.92970405495217,5.898500445257135,0.5707398817750183,1.6364318547642345e-06,31040561940.77969,11323538407.395046,118246488805.82832,1842691210.1966407,55029615.48728946,0,174.0,10.1769741004021,,121.82236609647664,,1.6155,5.384100856962136e-05
175.0,0.9017723435987408,12.12162588271029,0.0441928902175148,148.94702662869665,5.898510911613587,0.5707361356374655,1.7926221086436728e-06,31089220888.36615,11403463509.458054,118708416945.22984,1846850285.085996,55241824.82428969,0,175.0,10.177601856185,,121.8387539749784,,1.6155,5.8388814417941666e-05
176.0,0.9016612243460832,12.120490425167445,0.0442296440215074,148.93041861622893,5.898498102267711,0.5707473924028748,1.5646647076750632e-06,31047144612.53492,11345821292.609398,118372440150.9502,1843681539.175257,55078693.34406772,0,176.0,10.1770432290303,,121.82304512741773,,1.6155,5.446547049437892e-05
177.0,0.9017732055984078,12.12162745718808,0.0441918108243184,148.9470875277112,5.898521254406962,0.5707314473276242,1.8770334185790528e-06,31078858371.78619,11393976863.730885,118639068749.31972,1846613605.8268075,55209155.40562096,0,177.0,10.17800575561622,,121.83847626932058,,1.6155,6.0670431954834084e-05
178.0,0.901677290233694,12.120654988311056,0.0442334274282778,148.93264442011363,5.89847055630788,0.5706584249106245,1.3039209588517189e-06,31014120513.19893,11216912865.310677,117692871513.62262,1836654434.117196,54805389.697701216,0,178.0,10.1775243857138,,121.82491596117909,,1.6155,4.188936890499396e-05
179.0,0.901771774608463,12.121610511108525,0.0441901632907033,148.94694672899783,5.898529230783298,0.5708166730863028,2.0024947798640605e-06,31102739439.69062,11453291734.987762,118964325267.7194,1849798107.5915172,55347692.20624053,0,179.0,10.178296349095056,,121.83797618385734,,1.6155,6.58105641499678e-05
180.0,0.9016620134721242,12.12050654596675,0.0442310410291033,148.93062878847903,5.898491565916274,0.5707216769601672,1.5355761384706365e-06,31064722794.31346,11357501667.769625,118459353187.92392,1844084394.768967,55126191.93267958,0,180.0,10.1771201265097,,121.8230837552646,,1.6155,5.170554993461766e-05
181.0,0.5123179261574186,8.354262218037032,0.0003255567578251,91.6863660072018,5.89854368286181,0.570127050212091,2.5969730870775204e-07,23291395647.604973,10540114398.757776,94567004701.288,1054814727.2687958,44717551.633431554,0,181.0,44.36530747272914,,30.636267058122232,,1.6155,8.507014591105976e-05
182.0,0.5132568688016452,8.360627168297178,0.000301374247247,91.8217306785968,5.898931725856201,0.570216699765583,5.772484216450691e-07,23188091629.04808,10749295706.833384,95400212230.36736,1070361262.2317444,44907842.66698285,0,182.0,44.35158316039846,,30.787449329887124,,1.6155,0.0001943860573857187
183.0,0.5129372400774069,8.366505422579852,0.000307006894136,91.77449226569952,5.89861908724597,0.570152244699475,3.120208983598186e-07,23149862805.32509,10489911544.081385,94111554802.46504,1054424327.163747,44409789.43537466,0,183.0,44.35438376916766,,30.737856180081998,,1.6155,0.00010819747450755831
184.0,0.5130042028516655,8.36360346177118,0.0003113597073657,91.78499458269114,5.898678882768992,0.5701590799667609,3.691427649031252e-07,23151436202.657158,10562779979.618752,94464576980.31416,1058637365.5738888,44537654.79716803,0,184.0,44.359146803893395,,30.74289626417744,,1.6155,0.00012892894344452552
185.0,0.5131081485398745,8.36149985633588,0.0003067218817531,91.80001842826802,5.898698724410631,0.5701618260199556,3.720309076339199e-07,23146168302.217705,10536388153.686892,94322186131.76558,1057609882.5665276,44481913.99625911,0,185.0,44.35501910030561,,30.76224125742724,,1.6155,0.00012947294745585715
186.0,0.5129866159425275,8.364123925428439,0.0003114302349923,91.78231808638272,5.898698640351863,0.570160359475314,3.543958451935575e-07,23137957508.253777,10526625388.430414,94264863895.53494,1056745792.851272,44453445.25206476,0,186.0,44.358343392008834,,30.74112501332011,,1.6155,0.00012159763266232995
187.0,0.5133453304316534,8.36423512459836,0.0003065709838028,91.83453248624808,5.898550665698893,0.570124896759006,2.2307714493174717e-07,23110520443.94527,10395911862.09014,93610759622.3887,1049671485.5516776,44186372.24470363,0,187.0,44.35206543611268,,30.79991753120569,,1.6155,7.627529277195202e-05
188.0,0.5129790952194725,8.363024976919256,0.0003113182362783,91.78120900799048,5.898577569551876,0.5701424262981691,2.659633492669198e-07,23078355101.747288,10423853883.85488,93687630402.00168,1051151422.5158896,44187813.34938269,0,188.0,44.3577119148874,,30.74065548256747,,1.6155,9.32140248508674e-05
189.0,0.5133397006144038,8.36398465462216,0.0003066156020018,91.83383198141505,5.89863901948129,0.5701689150182506,3.434798752563095e-07,23177069990.54916,10540871602.260435,94402453527.20416,1057683173.7333752,44537042.7113668,0,189.0,44.35502075698851,,30.79613802453332,,1.6155,0.00011860479437398927
190.0,0.513014113958922,8.362853346166947,0.0003113820955758,91.78644309472236,5.898682704794801,0.5701582250604932,3.364345375458606e-07,23170757638.432182,10533595788.27987,94351539585.04922,1056788336.1086768,44515588.9667583,0,190.0,44.35856168448125,,30.744932335452944,,1.6155,0.00012118071794098986
191.0,0.5122682463174596,8.353323436447052,0.0003252877560796,91.6792220225996,5.898605417640398,0.5701527543395404,2.4714946880783815e-07,23426586310.832943,10762173314.988138,95886088442.5497,1065061373.0657744,45308891.83472457,0,191.0,44.36655376398457,,30.62774780992129,,1.6155,9.816455185185545e-05
192.0,0.5132429129430411,8.360675726865129,0.0003012119877652,91.81942831702293,5.8985882198172135,0.5701321839397893,2.068248950465127e-07,23452475529.1366,10642540070.958902,95347725376.3989,1060092477.820687,45132310.28807761,0,192.0,44.34762624509828,,30.789363155699707,,1.6155,8.25704534115894e-05
193.0,0.5129350433416707,8.366313893693315,0.0003069464243755,91.77427720083313,5.898684190715654,0.570159039223989,2.902786658628815e-07,23445046068.051125,10718212476.298103,95685063042.8005,1064166720.3848608,45252733.91531718,0,193.0,44.355036070568836,,30.7368822841579,,1.6155,0.0001134111369598278
194.0,0.5129957731757241,8.363703433042428,0.0003113231243925,91.78371187115536,5.898635100096385,0.5701409133454259,2.478272899847369e-07,23445003172.589508,10678051206.146154,95496881666.45668,1061712628.6582614,45184147.13200211,0,194.0,44.35912102496076,,30.741687967673517,,1.6155,0.0001035567723049503
195.0,0.5134818527438969,8.365415430284582,0.0003064333296887,91.8546609130068,5.898657792593957,0.5701497541101548,2.739091274561771e-07,23438833086.29636,10712254284.988976,95660240218.963,1064398047.4724358,45231193.33213379,0,195.0,44.35502724023459,,30.816942121964875,,1.6155,0.00010963442929312514
196.0,0.5129556222429362,8.363842006989556,0.0003113131596987,91.77770991175409,5.898560949130716,0.5701273383096316,2.0000342384705266e-07,23376023700.096226,10582466104.969145,94930413120.55606,1056847226.2206916,44915342.18279287,0,196.0,44.357722950126046,,30.737208084653894,,1.6155,8.528736435737317e-05
197.0,0.5133936703787639,8.364576065938838,0.0003064348796231,91.84171203569365,5.898601574128672,0.570131784501116,2.3807470356555201e-07,23313446425.87225,10583551296.645128,94840804212.68016,1058215200.5436084,44819197.08309795,0,197.0,44.35482736599781,,30.804232402581864,,1.6155,9.61337687559842e-05
198.0,0.5129790683818847,8.364545744397768,0.0003113231247406,91.7811772132407,5.898619477433252,0.5701418242214044,2.333794867370229e-07,23446746560.980007,10670448763.216896,95465916872.95284,1061157748.9295304,45174023.38173788,0,198.0,44.35873873343964,,30.73962473508508,,1.6155,9.663508970817008e-05
199.0,0.5132940538963646,8.363073900794461,0.0003065408945025,91.82747848539864,5.898878719086684,0.5701938887952203,4.3496458421039e-07,23534751132.95649,10924906754.312883,96815196820.77696,1075882536.5332146,45741424.73999596,0,199.0,44.35805163072294,,30.786424628969563,,1.6155,0.00018137858108954285
200.0,0.5129630635827764,8.363577549833284,0.0003112878790383,91.7788338220687,5.898601100195696,0.5701444729353166,2.147355663263208e-07,23406899451.736004,10636989685.474726,95246272678.84068,1059506252.7872502,45056039.86048763,0,200.0,44.357368331464656,,30.738652089760958,,1.6155,8.669415851199127e-05
201.0,0.420166118537256,8.1075979307453,0.0302187691094883,90.53488279151009,5.898367317341074,0.7659787711911777,2.6183049409038122e-08,28870044021.918648,10418311023.61848,108878956279.47215,1527831615.7084334,49524324.85708322,0,201.0,1.7462450547391,12.2427243551183,59.76462318907011,,1.6155,4.86296771433464e-06
202.0,0.4180182765341119,8.089106889935959,0.0290077151191655,90.26538045587388,5.898542952475033,0.822988320122465,4.0207880701589926e-07,29421620195.98773,10694951188.37937,111303807163.48822,1547259337.298758,50221730.216767214,0,202.0,1.5744576620404365,12.2881417939085,59.62197393246477,,1.6155,7.811294147462354e-05
203.0,0.4191624478759578,8.098254101396098,0.0294988774253629,90.39748622142712,5.898410733888936,0.8231115562572296,1.1719102410422774e-07,29573712105.662,10650404263.182535,111382518185.483,1544326437.5353444,50373476.09560468,0,203.0,1.5578616483361,12.251492066585,59.806072677949665,,1.6155,2.123052796899242e-05
204.0,0.4180242611610467,8.089186178512117,0.029010385659945,90.26629749619084,5.898466917323877,0.8230686003865182,2.804360611475056e-07,29406288608.23187,10624392810.416471,110948634494.95038,1543134419.9336665,50076778.14331598,0,204.0,1.5747765927798,12.2881481631023,59.62253113043411,,1.6155,5.374900834616074e-05
205.0,0.4191623765687515,8.098258566287122,0.0294991549333217,90.39747140036629,5.898394207452767,0.8231454817393622,8.38792047267022e-08,29407932929.420643,10520465907.070648,110493854347.13448,1538611275.181828,49896199.56714357,0,205.0,1.5581738782741,12.2514686665893,59.80575000888301,,1.6155,1.4677653793929343e-05
206.0,0.418017223487876,8.089109542367737,0.0290090435270657,90.26529191675824,5.898502207140769,0.8230346574314865,3.350473249982117e-07,29419003907.43228,10657937802.39087,111123156071.98572,1545130874.671425,50153779.78306692,0,206.0,1.5745565931707,12.2881549166774,59.621720839003444,,1.6155,6.926884920973874e-05
207.0,0.4191535913768574,8.098137658125417,0.0294968436549227,90.39605152804371,5.898444843838448,0.8229979319819344,2.3639862143246855e-07,29391313139.007908,10588475722.846895,110789084159.42952,1542878659.8826258,49990020.31069754,0,207.0,1.5571043872453,12.2514144059206,59.80553337816792,,1.6155,4.5229155573102425e-05
208.0,0.4180239811091391,8.089150231860888,0.0290087768338022,90.26611915810228,5.898574140779737,0.8230274905796824,4.35645253329298e-07,29422663743.212734,10709661070.2948,111374649908.08572,1548151410.7619648,50247617.838069946,0,208.0,1.5741827229951122,12.2880595466294,59.623084001586996,,1.6155,8.487214697569509e-05
209.0,0.4191604059743225,8.098219650361262,0.029497537821948,90.39711576832102,5.898439777829427,0.8230681884567955,1.830127494865683e-07,29395148262.898247,10558620800.689655,110651429943.82782,1541107858.1564016,49942983.79192568,0,209.0,1.5573618124119,12.2514480538882,59.80627358652844,,1.6155,3.5092195536495384e-05
210.0,0.4180311509928561,8.089276355962943,0.0290117307780049,90.2673706096351,5.898436677363166,0.8231338835610256,1.781650044884653e-07,29382541111.97337,10550430259.213305,110555834169.8146,1539072650.0031133,49911855.04230445,0,210.0,1.5757849497993,12.2881538598042,59.62253142098983,,1.6155,3.554227624314152e-05
211.0,0.6829754529657391,10.703541574860976,0.0020215526803732,128.72163998910992,5.902044311214924,0.5508382912370434,8.248676630201573e-06,37540476627.95628,18166427016.8136,163845488088.44824,2682365701.575221,74577468.39329664,0,211.0,14.8552448506115,,85.09739390473571,0.0125000930502324,1.6155,0.0021938088313787
212.0,0.6809345328191556,10.685781600349284,0.0020028185416436,128.45843965261827,5.900281414049684,0.5540290503775118,4.777476114091569e-06,36547881717.49573,14753104782.74315,145665525522.37518,2495318526.779333,67144473.2598055,0,212.0,14.889139619892074,,84.77457146732087,0.0088702436465616,1.6155,0.0014855228072532
213.0,0.6829294338113115,10.704240583224417,0.0019935271767451,128.72188195146316,5.899278704755588,0.5536561932395357,1.8324992613550264e-06,36104039611.09139,13151772434.588465,137476097825.72012,2395603753.5146613,63721034.27296823,0,213.0,14.921435676543625,,85.05524105458704,,1.6155,0.0005262513158376
214.0,0.6810092175967077,10.686616119640297,0.0020052324798901,128.47178424446824,5.900284077633886,0.5535275320362627,5.510850440385799e-06,36636772552.1846,15086047573.063862,147371988747.10657,2515317376.3821054,67863953.22678551,0,214.0,14.883663343684093,,84.78861493877923,0.009758164238187499,1.6155,0.0016361202047744001
215.0,0.6832400174053233,10.706543598457907,0.0020011194104552,128.76327955279282,5.9010663101383445,0.5539351297007911,6.085855152201109e-06,36844014252.12204,15812493834.841412,151230610685.20044,2550432296.011878,69426640.94602574,0,215.0,14.91800449225758,,85.0789515194439,0.010489600282877199,1.6155,0.0017799940739896
216.0,0.6810945064948485,10.6872135788991,0.0020066901414133,128.4828933565972,5.901225494255238,0.5537679340177346,6.861650388648109e-06,36995850940.63274,16368466144.522612,154150057310.20935,2584449047.8242054,70619613.19860512,0,216.0,14.885234884501687,,84.79470711732817,0.0115909678149552,1.6155,0.0020089086765771
217.0,0.6830020794062499,10.704872873725265,0.0019964420869559,128.73385437714353,5.899955629910892,0.5537339237915642,3.413174681091863e-06,36400616399.33515,14206069191.255873,142967006560.49875,2455409599.927225,65990391.248804905,0,217.0,14.92275329066131,,85.06308534876311,,1.6155,0.0009882008861104
218.0,0.680676807552827,10.683834031258469,0.0019984276663055,128.42480671228586,5.899377013674988,0.5535869203566897,2.080222346400393e-06,36174929418.4784,13318861654.324224,138414969255.83783,2407661179.7651806,64111581.374233775,0,218.0,14.886071236508444,,84.76066526528612,,1.6155,0.0005988944812051001
219.0,0.6833537031754797,10.70704235558784,0.0020061176832871,128.77506883888458,5.902793081487468,0.553923188334932,8.741751663951406e-06,37422646917.55277,17831161553.810184,161833395906.12466,2661235720.0773373,73779934.50389318,0,219.0,14.91382969158429,,85.0881559649595,0.0151620845825084,1.6155,0.0024918095029675003
220.0,0.6812140831005368,10.68813394525557,0.0020070650006844,128.4983379101661,5.902251046503372,0.5553482881001577,8.532201710630906e-06,37202941389.36798,17099838236.01434,157765700168.3314,2632307355.14284,72157780.22500442,0,220.0,14.884831495355929,,84.80115609556947,0.016282676771569,1.6155,0.0025693978546189
221.0,0.4740181281638478,6.676550683963359,0.0510282290912932,88.71291517610015,5.911519499903376,0.0621825699116492,0.0042840664896223,63630531225.02055,179125022507.9268,890713813628.4209,13719672480.386246,402062877.89993423,0,221.0,22.872000813874212,0.014480766040789,45.51022493041021,0.0403645166457726,1.6155,0.0072503021191773
222.0,0.4601276437939646,6.491791176507783,0.0582368617038987,86.02337345226395,6.012587855986243,0.2648465183977552,0.0049522051702235,89899656528.75566,270045872803.56012,1341216323579.606,19604537108.82373,593376833.6522785,0,222.0,19.71309023760299,0.2628147060423423,44.96452677826359,0.751346062564948,1.6155,0.0933653289206195
223.0,0.463265582161898,6.559100785620205,0.0430557151653412,87.0006143950666,5.988534857284685,0.2386837326502228,0.0035575824960848,74958674682.3179,214107501204.60956,1071801671178.8424,15646587682.689678,475982715.79426026,0,223.0,21.520610232617237,0.0986528173767662,45.336260990879175,0.0544299696514898,1.6155,0.0787560739893675
224.0,0.4630693947106738,6.541835502821908,0.0584384781301321,86.75160854659188,5.952667370691736,0.1716474256516139,0.0048434482702205,89620065334.35506,272053320419.4274,1363067502909.45,19400269658.894672,599992295.2914544,0,224.0,20.822980900180607,0.1374888707416792,44.84055792315971,0.4448674554124833,1.6155,0.054030762792339496
225.0,0.4732372375160717,6.680882100886223,0.0472429113218791,88.77510418608556,5.944386531467733,0.0909674620970033,0.003829798830043,79363536835.04384,230000783726.81305,1172252649927.171,16126513665.725008,513376965.512919,0,225.0,22.683720549918128,0.0555883151596751,45.69396028102273,0.0234313005018804,1.6155,0.037200045911655905
226.0,0.4628205889098438,6.5365374520888,0.0571150471701697,86.67382240275278,5.965801023448146,0.2060156833098003,0.0047830016441451,88782846579.7776,267398195632.09103,1337742141077.041,19175148827.71571,589585987.1726947,0,226.0,20.516908628731066,0.1857338520255712,44.98499342803112,0.5178275694645962,1.6155,0.0654475261033617
227.0,0.472711510857278,6.673552266045673,0.0483947782449078,88.66907933707765,5.952042073770588,0.0947203075329606,0.0039837040906176,69720297978.21725,197815293644.54105,987509005233.217,14773723334.696712,441969961.8952432,0,227.0,22.526780551753596,0.0638329613483526,45.736347678970716,0.0259248247455234,1.6155,0.0370783312609029
228.0,0.4565970062252736,6.445927498643411,0.0565325529119906,85.35549153461632,6.009086914673609,0.3396734920931235,0.0047624116649405,85267183322.55241,254168315149.90543,1245875736790.1692,19109809547.43232,557141697.8578495,0,228.0,19.229140786344963,0.3418137402128291,44.58608945956255,0.953667182181456,1.6155,0.1226812122381173
229.0,0.4625983136070012,6.551349915709005,0.0440999315776472,86.88919207257206,6.004701758135908,0.2377449587354998,0.0033945753825534,74667852400.07974,211332311390.5451,1060456888783.9696,15384294489.204336,470328910.08352864,0,229.0,21.452319286801718,0.1052446047379834,45.357537003247394,0.0581718701836794,1.6155,0.0767496195288341
230.0,0.458762209298947,6.4654089846001135,0.0552713542407542,85.63563074139941,6.020375055526632,0.324172640816657,0.0047182826125686,84174666832.69563,248998690130.1865,1221568397262.065,18725366568.700848,546395385.7136713,0,230.0,19.52104279365938,0.2752887822279053,44.572109875061074,0.9731610803118587,1.6155,0.11914416843388159
231.0,0.5397358995553456,8.67138837840489,0.0249314750895167,97.6577384439836,5.916110460483773,0.8475131643444024,4.1815567877165226e-05,43914245062.50738,56416411326.89339,357313025074.48254,4202312271.289428,151377126.56911185,0,231.0,17.64903928407148,0.0466852425825277,61.05700267985247,0.1351234618039283,1.6155,0.024021377115813203
232.0,0.5580737054515162,9.091959881703326,0.0306631838638665,104.72258649551844,6.303784879568456,0.7016073198929653,0.0004316121580942,216513993113.64584,655458310608.2251,3550705057804.7417,38059270936.08312,1447977268.6580737,0,232.0,17.598960423129814,0.3472713180234924,61.7458103018033,0.9697989651983951,1.6155,4.3200644755599
233.0,0.5558434727934712,9.515988902099997,0.0455732033624977,109.82542256363575,6.179833017239201,0.5703215441308851,3.1951145600123976e-06,110824862962.7512,269985467568.8349,1535515282851.8264,18266295814.26931,620578595.8992609,0,233.0,17.96985724135736,,63.40056113975286,,1.6155,8.332964282655293
234.0,0.5528596755850974,8.868504000990521,0.0298498196725254,101.48009298904456,6.017449109037773,0.8132220600060801,0.0001510000020234,132977313436.26009,365279087433.3903,2029231432588.6956,20743717348.72151,824027611.6356921,0,234.0,18.19180829503596,0.1419300840860656,61.8312310387757,0.3817678870230769,1.6155,1.6874220568353357
235.0,0.5656312842774922,9.05949951804582,0.0413611337360766,104.02495032812276,5.936728944932411,0.5719193467740401,1.6410233317210306e-05,122247428775.81364,324252564247.27844,1837186963347.324,17852174197.87722,740885824.5315683,0,235.0,18.92366478416479,0.0146489233502389,63.78585945829789,0.0404630937420378,1.6155,1.1190546582600676
236.0,0.5434513247980064,9.072150899704456,0.0306419819943432,103.86592312854798,6.032050793844388,0.8020919407290558,2.1711578370402165e-05,124754792974.0519,326850011951.3576,1845881120393.913,19527346156.774174,744525947.0452725,0,236.0,17.3747309257571,0.0173121713033455,62.067805744436505,0.0472843928425237,1.6155,4.4903602587427995
237.0,0.5604653354409771,9.555051767837854,0.0391964906858099,110.62570529521516,6.149955942061729,0.5720658413901173,8.800495429557141e-06,126357080879.60332,323576123425.9793,1831572430907.067,20871049975.33889,738352654.655283,0,237.0,18.36389087902465,0.0087564181234132,63.629575607809684,0.0240252517423898,1.6155,8.094527422077501
238.0,0.5489369986703255,9.508068394838002,0.0423901654022331,109.6575316213744,6.20626280807611,0.5743673328139653,9.805492775422687e-06,109077985740.80042,262866136726.05115,1493863807175.5764,18314781679.524315,604638615.724056,0,238.0,17.183062091591868,0.0088626468926393,63.119703539106496,0.0249531704830751,1.6155,9.083989223583394
239.0,0.5387413867051242,9.020687594420457,0.0282958625576685,103.64648583707904,6.09037687585504,0.7071375201574078,2.6644584096947324e-05,138222737749.58258,371999836296.5719,2092081177182.458,21948025292.71237,842389234.234891,0,239.0,17.08339675196739,0.0246549630332199,61.626034477650116,0.0669090474228395,1.6155,5.24517037964417
240.0,0.5299097213607178,9.05236456911623,0.0342984332325486,103.61584167826892,6.127613710657785,0.7925829760638163,6.664409322468448e-06,140665887075.57138,376069751804.55566,2118459736833.5376,22647045868.79324,851678873.7005987,0,240.0,16.02490844747316,0.003085515351798,61.51558713856518,0.0150383206402072,1.6155,6.685641809082712
241.0,0.4386528420809092,7.617791852387161,0.0636512305961695,82.16433595421327,5.898436584098235,0.999999660570997,2.862047758612565e-07,41221717397.95334,11039960046.244137,122357209320.57458,1835535142.6777744,52094172.916190974,0,241.0,18.681303736410403,,45.53595696977091,,1.6155,2.5742861157500336e-05
242.0,0.42741240206542,7.521532821721662,0.0714924735898894,80.1856708473356,5.903909243277836,0.9999619696272222,1.7139602813314866e-05,41213108014.72237,24712948036.280247,190066774192.6556,2494406376.0992446,80586203.06917562,0,242.0,19.02182839096778,0.012348276266713,43.46269793878709,0.0364144586093852,1.6155,0.0047849356833669
243.0,0.4421183467963393,7.721897617165531,0.0808944029908796,82.70121890976333,5.906417418868918,0.8158343093054534,3.216067937863568e-05,38124446174.69719,28628844654.408283,205074230135.16623,2774083431.865236,89307008.37668066,0,243.0,19.829723845483556,0.0166285284319216,44.76107630930292,0.0527227912063951,1.6155,0.0042986169160727
244.0,0.4245600588986935,7.469157991096823,0.0722301972327515,79.48691099515105,5.902479657015436,1.0000589781635558,1.3669308310251363e-05,40073297791.736565,17777516171.077023,153476373189.53748,2104702024.9526029,65307228.00515498,0,244.0,18.733791815855025,0.0066880138310727,43.36307149578211,0.0224645615173845,1.6155,0.0018006292189254001
245.0,0.4276121153146274,7.496254857501614,0.0694814520671182,79.9760622458626,5.910543544699666,1.0000216162588242,3.868499042116052e-05,45465925513.48432,36150935404.766815,250650216460.8164,3120162905.8057585,105041515.3787486,0,245.0,18.99890853691214,0.0209632006233247,43.437164589904285,0.0652623077914621,1.6155,0.0056345059195311
246.0,0.426616699532805,7.485902043871029,0.0714895501727254,79.87990712902756,5.903657438776571,0.999733259080171,1.84596050794502e-05,42043871197.08912,22867511556.41128,181803540953.3046,2393314136.762863,76472114.8661174,0,246.0,18.895690184286106,0.0097200797004777,43.481898159647564,0.0306852386382062,1.6155,0.0020186463922845
247.0,0.4497003715537913,7.7111683879343,0.0628904338342005,83.0543841876599,5.9808314918328005,0.9114739007726156,0.0003401055531976,78762456458.91867,180556301001.1761,984079415597.3062,11600071075.809317,412828665.1459028,0,247.0,20.16274220689806,0.2617416947516591,43.8942668273919,0.7334483917172891,1.6155,0.0785079981427093
248.0,0.4270992249097395,7.492161419508895,0.0707251031263055,79.9641470987912,5.9052214187539525,0.9999130871080808,2.233451146270508e-05,42499275022.734055,24531654426.94249,190147164698.6749,2494871835.5028057,79973181.16900836,0,248.0,18.96613545521472,0.0103771440297746,43.471563233669336,0.0341490772619815,1.6155,0.0025716822040872996
249.0,0.4267967690622056,7.490057433789669,0.0698216816653825,79.8635309311034,5.907285675343983,0.999946300642897,2.634246330684172e-05,44318977223.85121,31912655604.56192,229413551874.50195,2855768131.125932,96051403.67943937,0,249.0,18.961061832989714,0.0163364833533935,43.402674978648136,0.0473629329904029,1.6155,0.0038472493646611
250.0,0.4420804533888121,7.723183200543444,0.0807890442342226,82.69503891202075,5.9075800545448285,0.8161936527308677,3.074511921725444e-05,39069323928.01401,31703776205.889347,222979546010.18964,2892897629.551714,96135954.90579684,0,250.0,19.84918577684573,0.0168036504621952,44.73987480754118,0.051788076304206,1.6155,0.004402015862531699
251.0,0.5527321161215218,8.486373574759243,0.042433974909656,96.14539039114818,6.15453569542418,1.000000684543861,0.0006583657884271,154615102021.8301,464261375139.0326,2474080390433.5938,27198130479.28531,1025029186.9731264,0,251.0,14.963229073763467,0.7224385111836504,59.8718150246018,2.717779189631393,1.6155,0.4239354588923629
252.0,0.555392575817738,8.901197587774496,0.0383789540804603,97.31620576693246,6.108828624693865,0.9999958202839084,0.0007619392023377,134979942121.74055,399777190438.2268,2113643994916.9016,24122364912.86941,883972714.4348938,0,252.0,17.36141051893238,0.5978848975702475,59.5585909305147,1.861097082226925,1.6155,0.0269426858081305
253.0,0.5485651558250276,8.478606223404086,0.044227699380886,95.7042295354631,6.113314415974974,1.000030801586011,0.0006024405969706,157779548082.84503,482733798496.3563,2571044795199.2886,27904930047.092976,1065663809.6790488,0,253.0,15.310042982432122,0.6435164122070998,60.2619490634101,2.064631958774152,1.6155,0.0264049412689004
254.0,0.5592814551995402,8.513798826524502,0.038976044699716,96.62462321917664,6.216311329972317,1.0000004954006223,0.0009192581173905,181828987639.02335,566301326643.6403,2983451021467.216,33258547584.389107,1241279947.8345382,0,254.0,15.58493231138363,0.8157549952128049,60.0731425707025,2.6638238361129107,1.6155,0.033918047008288
255.0,0.5628511454148287,8.854834562145054,0.0341917649023614,97.41437483854328,6.163635824038061,1.000011264754293,0.0008669693515294,154999360777.95294,468816134286.516,2482265280686.5303,27625767801.517963,1032978072.2233458,0,255.0,16.687334629876997,0.7777073003076125,59.6388093356832,2.653426298788057,1.6155,0.0321496199660296
256.0,0.558982923085967,8.47206261285309,0.0414399038649706,96.0352538067236,6.178355145288887,1.000000066371526,0.0007974877282736,173110857342.58542,541948518509.35016,2838904837856.2114,32409360468.33308,1186328203.707626,0,256.0,15.11287731433109,0.8095162262344439,59.4460303803214,3.226049457621463,1.6155,0.030235531932633033
257.0,0.5607544341652997,8.775197113094398,0.032578013236874,96.60681609493172,6.183960670759819,1.0000005376106178,0.0008968842825059,170357559570.02963,529192280437.2126,2779319801700.23,31451433339.875786,1159876470.9451592,0,257.0,16.32426139931422,0.8539222752314471,59.0790531181397,2.9314992471175216,1.6155,0.03361288378182853
258.0,0.5574959726059702,8.482013002513568,0.0409077924779194,96.18737592100214,6.151876367478738,1.0000133393598394,0.000775252621227,159808079313.12704,490631910873.4742,2586038484963.357,29100663483.073368,1077829056.4252014,0,258.0,15.36366355105113,0.882036634891856,59.66643810148031,2.900995004743074,1.6155,0.0350134878848826
259.0,0.5606379666499681,8.76271878564394,0.0326517268304347,96.47981984595695,6.166774515042262,1.0000022523519565,0.000859577800775,160883542449.1608,493383546827.7192,2597704758027.952,29299371644.02041,1083737882.0717394,0,259.0,16.139526791196282,0.8492671041586143,58.949152051576505,3.100352143961636,1.6155,0.033832585226886376
260.0,0.5568856893851755,8.474453921639805,0.0398134668482786,95.93250914280527,6.185864709598352,1.0000038101821551,0.0007642991007161,168748154559.40903,515271470100.2475,2738314508870.959,29797795706.782265,1134015729.0611355,0,260.0,15.263256916936045,0.8387224074453486,59.3991519878195,3.0564439033696327,1.6155,0.032704461420574586
