id,infra,pace,import,power,storage,bio,battery,land_occupation,surplus_ore,global_warming,water_consumption,freshwater_eutrophication
0.0,0.5019845570452119,8.089425633075022,0.0290147315808306,90.26975159371551,5.8985188899333965,0.8228428776379451,4.675065200126717e-07,29853929103.050995,11210795358.422678,113960293588.02586,1562688414.0389166,51509782.79572993
1.0,0.4665439666911353,6.582621099900612,0.0616791023209778,87.3431552430396,5.90540306865921,0.1053240761074639,0.0050129815717119,52210401980.393456,140690944776.5145,670344567154.9113,12117374606.043734,316536533.5722758
2.0,0.1881200008807587,3.729211861614511,0.1182384438737803,44.653267520163126,5.9018983210107665,0.7117551560035472,1.079387877709646e-05,49481584430.92971,110081269491.11096,641434481523.3298,5801977681.826267,260262309.95858905
3.0,0.2395485438156246,4.25348724174246,0.1146744774140022,52.36806391100946,5.901122540319956,0.7152786383315111,4.715755709111594e-06,44558779343.79502,88937194209.38861,528111127840.0843,4883736811.147361,215212914.28561187
4.0,0.2066186962485643,3.89421898137887,0.1099477998496877,47.2696985205901,5.902749800453825,0.7123299661053965,8.633728227860809e-06,62948813324.05537,155101297179.72137,889794108484.6785,8018313629.915338,359244458.40957147
5.0,0.2167521025190885,4.020260046091668,0.1154258293806272,48.96334009860853,5.903019727570881,0.718386667893706,9.537960259947178e-06,63939382502.14722,157705132599.06506,905066322558.1892,8182986803.945614,365137566.8942019
6.0,0.2376920861321784,4.178839900038492,0.1067937256240843,51.66396719812929,5.902084950600103,0.8356451463761309,8.610532471323461e-06,55121853161.66668,122716131298.20901,715424574265.8508,6535890092.854608,289016810.81358784
7.0,0.2176348755052997,3.948004116292392,0.0822028718747228,48.97596806096413,5.903472475502197,0.7274891059513084,2.377000224288489e-05,75792339706.28598,200499828830.96335,1137217642805.8662,10222941378.237667,457868114.5956065
8.0,0.2452908559565656,4.287532876391808,0.0719543585418506,53.27602467463142,5.902488490622003,0.7833853443363576,1.810813396227032e-05,63319658744.65397,151489011891.97073,870849059729.4069,7898736721.278917,351732120.9453276
9.0,0.2560678904413735,4.372731752486365,0.064800854721849,55.16501424333016,5.902495399920642,0.8761461381200185,3.795557008539891e-05,53199882053.483574,114846314530.4551,669748055822.6063,6147358633.546946,271628027.28114927
10.0,0.2747444379907544,4.585719926332144,0.0894109769035849,58.18342071316006,5.904545686267645,0.8346053742026529,1.7834559400441414e-05,50941939798.37528,105081859936.85797,618868702374.4712,5756573055.175114,251288932.48113337
11.0,0.3425875199562457,5.322106448249257,0.0986837377964682,68.98655356817729,5.912396667282441,0.5776064557224987,8.904155320668472e-05,70934793337.07832,170538708319.9488,975894292252.1935,9313936388.229818,396292173.8858753
12.0,0.3272732450876153,5.121533283360474,0.0570662392312311,66.06142793299941,5.912240429661423,1.0009737770934894,0.0007758823954224441,69814351982.45778,171868678962.22086,957000792829.7451,9913785655.652784,394412202.20181024
13.0,0.3294898647170335,5.171743881150243,0.0537174319639687,66.80195312061389,5.919244335193949,0.5758890320607509,0.00036883358027614316,60815937107.01758,144070632517.99792,812468173943.486,8177758485.8531685,334566261.8865815
14.0,0.3481516849410986,5.3699915380512255,0.055176230572717,69.69011033871755,5.9322007088133795,0.5761341820984275,9.493551593298604e-05,66668264632.410255,159352860815.1623,907727213867.2966,8695957185.567629,369927268.76585
15.0,0.3521755995587869,5.415537247429549,0.0797254185182077,70.34987898516275,5.944429139854831,0.5800801933293528,0.0001542231609187541,65277802809.73472,151040459235.46857,863779483129.8068,8416330860.230378,352533613.99104095
16.0,0.3440178076794805,5.324001472602685,0.0805831737228207,69.01940085987049,5.914061657833361,0.5837735392078488,0.00033138493730580003,69817909410.31012,170305515469.03534,964544974566.8772,9483872482.216457,393949155.8651657
17.0,0.416514959305707,6.075153341541999,0.091727260992564,79.9560237720592,5.918518181608593,0.5977444687727845,3.2648964268611495e-05,79737141228.7127,193346858124.16013,1111816631811.4302,10400762197.185366,448611219.5304787
18.0,0.4166294262717566,6.062290363782109,0.0807380135729092,79.76332374100112,5.941183634060882,0.6193958680552614,0.0007881052286180001,61555450028.804085,138782740536.87997,770115299680.0984,8840271495.795761,323780823.79662734
19.0,0.4013679789694325,5.929737225656647,0.0910861585831386,77.83892826370936,5.928547130686439,0.5837624870466033,0.0024080339445731558,61181952725.58498,151212425811.71887,786977159868.5898,10907894980.61753,344297473.9554261
20.0,0.3648695508720686,5.408323449407118,0.0817492022439321,70.24608173085868,5.922608522559265,0.9997131498768508,0.012573538665558735,76369571245.51288,274377859229.72778,1157286802066.1123,25452803471.980392,573511125.9375803
21.0,0.3618408307711624,5.388472203390504,0.0992402125847657,69.95662179727469,5.929351621122952,0.5774784537806745,0.01044012988056763,61493819080.42806,211287696913.24506,878528803107.7078,20415378090.240273,444347593.5705962
22.0,0.3777494462243382,5.548798979761839,0.104838940172915,72.29127769571943,5.918802943603673,0.5744386098113737,0.012416926983950508,56561805014.962326,212211597992.25064,801795211879.3538,22886357478.742863,436405846.66437995
23.0,0.3720266123816271,5.502492110369633,0.0905035671187012,71.61634399621894,5.947995007621131,0.606268045143721,0.008963128104618811,65160380934.85437,214679939770.1377,926045458775.922,19810325521.73024,455483362.1408287
24.0,0.3798595767088511,5.586272968257345,0.1211317629847495,72.83870700201858,5.930489021265123,0.5769979158740147,0.011467760746631316,72051544221.43883,243996899747.0383,1060223751462.895,22186804040.296825,517226356.2924343
25.0,0.3992643808392984,5.907909006799311,0.0903987810287098,77.5204677261441,5.953212122740235,0.5797325092167821,0.0014107126624769302,76073932621.1373,194152384865.02258,1059124871204.053,11900660582.432041,442484539.55814976
26.0,0.393767872106187,5.856515543084488,0.078437146851129,76.77247935247333,5.937449922783569,0.6185742299560684,0.0006545997127931366,63912463332.61283,146774386055.97293,822823955660.0759,8891282966.046728,341711459.0201577
27.0,0.376286837241327,5.637900086834922,0.0764237190529834,73.590062869538,5.931855550790985,0.5758236600835631,0.002376241733409697,75752014101.31102,203988671862.36432,1080585066095.9907,13147701855.448664,459388892.98019177
28.0,0.3704202698419051,5.543833505792724,0.0749558624077762,72.22022041640108,5.927409297008168,0.5757089095719686,0.0038038480679740212,67094420572.07945,183594008394.29877,934035418641.3214,13081433989.257647,409926486.6407636
29.0,0.3884652589153783,5.761551369696385,0.0724901639368959,75.39055978856791,6.003881573739864,0.6054063818562593,0.0036235085966082,84300815893.62894,238772739617.69525,1221969831379.1343,16349146588.426804,529004894.7392891
30.0,0.3730023335479731,5.587838820781156,0.0936580071872865,72.86019090738313,5.945315736617125,0.5968530665230161,0.0036274596965917,70032303380.3517,185059823548.75073,964422345899.5604,12705477913.66235,416363686.0097203
31.0,0.4063997911319407,5.948791547681481,0.0852796108954386,78.11518826475722,5.967404940151542,0.5841522418079041,0.0030257293541499,80476052202.65587,221609939162.41846,1146277900088.255,15107827782.753681,494824202.4474506
32.0,0.420575194134448,6.074130763100432,0.0779023256988484,79.9407090704911,5.9145316498941645,0.5793958476423507,0.003279448904143667,85890069416.80594,241918719232.5685,1265616520761.9866,15875422538.673944,540416598.0507082
33.0,0.4044066998660676,5.861412196390831,0.0695422887923197,76.84283525122281,5.932873424591141,0.7389568505053898,0.0037751310952397,66290572083.66647,179921905151.75327,901509176344.1383,13394760309.679474,401003975.7626735
34.0,0.4128585522432642,5.987546277968173,0.0830266605779527,78.67931748309265,5.912348114476581,0.5745868156869328,0.002822460124211976,78060173428.62224,211919493911.01157,1115393417537.088,13995760237.962624,476565650.1413028
35.0,0.3822566223893691,5.701146890567388,0.0761689043997227,74.50643878277133,5.9179334884592345,0.5790948747962695,0.00020934711743787006,72226082937.31502,175164559365.87427,995698300221.0636,9722267313.87513,405703275.228691
36.0,0.3472396354335004,5.331247795044999,0.0815167029918266,69.12203457676645,5.9283036339601525,0.5795723779026009,0.00010473790693042064,71737721003.43562,174775470821.3026,994052730456.599,9568383980.450186,404354401.7575846
37.0,0.3016027594144556,4.841480077974824,0.0765800207107962,61.993805006377684,5.9111938540392215,0.7179046552872923,7.63420602838481e-05,66540476397.1075,161215627676.47995,921181234483.648,8634855206.01408,373886294.06895643
38.0,0.2811429660514424,4.619321937772943,0.0742564678213684,58.7574868419278,5.908882019472925,0.7193064333724135,7.60706274904616e-05,61476674476.6961,145763978134.87955,836338969631.7454,7765675669.633338,339562336.0495312
39.0,0.2427324173107227,4.268638306776587,0.0805354389046985,53.653994228392165,5.920731689159264,0.5734631744402131,6.0729098951626014e-05,63264122086.222336,153928410337.58078,878316388056.4689,8130981088.895171,356689372.9164518
40.0,0.2461936751443961,4.286341328227398,0.0685415054676523,53.91161557636868,5.928419668442414,0.5906258829186455,0.0002811040168403,62654822157.944,156367464895.59177,874540509249.4648,8680843069.949472,359216154.1294688
41.0,0.2312956715392861,4.133958988134631,0.0794788661385399,51.69335252327032,5.911877171861297,0.5859203751160175,0.0001140414791852498,68639585806.67574,175283343874.4834,992449101588.778,9207080040.498268,402462808.0159315
42.0,0.2348459682189047,4.17242768000437,0.0786778844080637,52.24985270135937,5.9185125798853395,0.5783710601363726,0.00010843220229445316,56278911136.01562,132933271167.50131,757282582965.4824,7211356380.207268,309361577.9136731
43.0,0.2381752986695318,4.213762765161988,0.0837132939173053,52.84688175663265,5.932044580243232,0.5819188023428025,0.00015891544707537992,54437654270.860115,124964263918.88506,711269029846.1349,6944609018.178735,291991421.25009
44.0,0.2825186927162701,4.706256997598207,0.096812401529893,60.02401293539248,6.173637375985937,0.6061414456109535,0.000334535686241,84459569572.31181,211240921934.22534,1175206682203.3147,11607566160.244892,479987321.2035832
45.0,0.3078060379432042,5.070134930685168,0.1054032046194025,65.32423021770248,5.983195782013745,0.5805077687728706,0.0002407211910451,80376093146.29907,199857069863.17874,1132570943035.684,10850593197.039965,460179763.79965556
46.0,0.3073636807733748,5.110077124753786,0.1120038127017257,65.90357540359553,5.935759726093773,0.5760771142859172,9.735036694915332e-05,71298124449.14694,168894418125.23697,967816041108.0491,9291262292.199127,393227448.9558813
47.0,0.309555030540912,5.130845924671684,0.1157746944593879,66.20721086646792,5.9323501708096495,0.5788956725781581,0.0001105985000308386,72845233074.3322,174470084129.82242,996755404936.9108,9648294389.090601,405277792.44933903
48.0,0.3079198990985659,5.153592115428344,0.1078696481856002,66.53685737364849,5.9256943296223366,0.5766839285485036,8.606121490784634e-05,59441337061.77552,128402221742.71187,745006327994.7336,7342518485.053457,304563578.29121256
49.0,0.3048499279203415,5.106849376503463,0.1082710356315963,65.85645698885902,5.936518485466705,0.5826512966454114,0.00016780175246177938,72932953161.43446,175971182427.39804,999640356544.0172,9840400786.028244,407741991.77219456
50.0,0.30165573417437,5.043008134738498,0.106310779928578,64.92573550976049,5.964779019420694,0.5907355945354816,0.00022684883411401677,69929071348.51637,166333342178.09558,938947921520.8174,9533337596.31476,385279597.98623836
51.0,0.5265201506141288,8.020973628902844,0.0744153132994031,96.76232388997269,5.898839638792192,4.15550551760277e-05,2.130810310663216e-06,25247407485.06774,12481403135.127802,114808508852.09032,1991350382.9640095,57362567.42829125
52.0,0.4746297136664607,7.029290284225499,0.0783061971396472,89.41088455636554,5.899648135760898,2.5019422316044605e-05,5.382179631809345e-06,25200859202.682156,14006793409.528717,121536835222.04462,2043779656.1694221,60146637.48652581
53.0,0.5310557314787158,8.066139516377781,0.0725210341005773,97.49136792111909,5.899658181148856,5.51978682460776e-05,5.872477834738166e-06,25939555319.236145,14709596119.271324,126395324152.32697,2125893370.078746,62227740.30691531
54.0,0.4743035556919798,7.028569265437546,0.0780944047344425,89.36215457287213,5.899566379693341,1.473311421128208e-05,4.930934955733751e-06,25200099045.11196,14022378807.814365,121696288428.993,2039759984.419599,60183128.177737
55.0,0.5277449595967716,8.007626901059309,0.0736788405409635,97.01764814671775,5.898473233385023,4.134278090390732e-06,5.265686738825261e-07,25052202212.993217,11557620828.488625,110116048352.30666,1941142794.9824376,55443706.00850923
56.0,0.4744029531417387,7.029439134205693,0.0781810531818372,89.3723646670256,5.899583931778366,2.828662154984277e-05,5.218860982943808e-06,25182875533.299168,13985608592.778797,121406441810.53973,2041066330.0986261,60088616.368054286
57.0,0.5287725711684484,8.02586933734652,0.0733592413079767,97.16813673683795,5.898827012176205,1.2449683292739053e-05,2.07959502810563e-06,25338983915.286484,12549289904.693268,115287485360.42453,1998298688.5605714,57591076.619233504
58.0,0.474312217273304,7.027906314237868,0.0781220850096387,89.3619149557075,5.899496236613694,2.6412431033555203e-05,5.054739031598491e-06,25085045975.245956,13628704143.153955,119466838653.9075,2022932635.2800457,59318809.54868157
59.0,0.5287110533299141,8.024935846808473,0.0734770783159463,97.15883720064862,5.898866229967968,2.580002834327324e-05,2.3203265995362727e-06,25318807400.448586,12498507649.40812,114951505079.34799,1997890658.5116413,57468441.58583504
60.0,0.474384174803652,7.028906748367343,0.0781414198617511,89.36720865414672,5.899541122893782,3.065523232448913e-05,5.180413642144762e-06,25135758173.092785,13757425397.794819,120165007588.03777,2029978783.3393312,59618957.849472396
61.0,0.4618781840605279,6.592758374374098,0.0514555133279943,87.49053389355137,5.904284585608058,0.0655720685125855,7.175808939891201e-06,50223167460.31401,102297399301.01877,603488072978.2604,6116213297.380835,251047692.52826348
62.0,0.4264649557290349,6.159055172694744,0.0539099171934372,81.17511823465813,6.03066025819101,0.5906818037647452,0.0003649202807837,84549243608.9488,203078159005.66452,1162979991677.8418,10918207233.77638,469258948.26028943
63.0,0.4615738820731726,6.609194310328479,0.0463310015033963,87.72977149860924,5.944913228267332,0.1047454337554712,0.00010156608233008642,63693224332.74854,144938994733.00922,837858885322.2605,8193712554.941335,344043538.5592037
64.0,0.4345924989573714,6.2601073105870455,0.0549448359308949,82.64662868394983,6.017358684192653,0.493778360555488,0.0003168592556206,83598227158.14713,201079617243.65808,1152201170379.8125,10850812894.531475,465403902.1821783
65.0,0.460967271356855,6.600681908457471,0.0458189461000913,87.60524311518014,5.9500566644093595,0.1190259041566668,0.00011236716707639977,64688887907.45699,147831095249.17972,853885628087.9445,8332346992.288043,350255369.2681751
66.0,0.4364705932817082,6.281692258800153,0.0551022783905673,82.96123116172268,6.016166967015485,0.4638654842601598,0.0003049838402282,84967276455.57495,206455139699.51797,1181434840881.347,11121943965.433865,477227934.33337975
67.0,0.4607212016791348,6.598288980135215,0.0458688083465981,87.5704427944359,5.94790295255914,0.1252215063537993,0.00010896243273318543,64770168419.32279,147858089488.8717,854339821524.8505,8332968313.317435,350382163.77174294
68.0,0.4358348620855163,6.27521401545098,0.0553352905343254,82.86672390868048,6.014773345230751,0.4660722998173373,0.0003081894988426,83693544880.8871,202145933296.2539,1157817255612.2373,10909409556.427908,467778342.4973973
69.0,0.4603923296398559,6.595153342551247,0.0461313921646397,87.5254376189919,5.948183155953181,0.1261089747213065,0.0001119057990528108,65714934446.23045,151183353987.8049,872589316131.6351,8495607534.962148,357638699.6456439
70.0,0.4372317010473804,6.292193964844722,0.0547847671338967,83.11374765008786,6.010680611149645,0.4464537176829269,0.00029381116066140003,81480873639.9433,195081702185.83008,1118610080341.7043,10566071740.891869,452468453.5147199
71.0,0.4732717785524891,6.670234399811039,0.0513022929260532,88.61855568714039,5.906789938232477,0.0627681892077579,0.004394449889948588,44923057058.46343,114871418262.09607,536225389817.2424,10624612537.541391,261327346.2889431
72.0,0.4356613185376078,6.300917424162791,0.0534285832609489,83.24118508227293,6.049496587033927,0.5280306562839651,0.0052855684610858,96198733548.00188,294114679135.9634,1436671256010.6743,21837071941.58984,639787114.4707538
73.0,0.4704595494609546,6.65671184721952,0.0481882141848584,88.42172196492511,5.956067945548574,0.1133833772410757,0.0038380930173437,66175442513.667625,185415285653.17328,917834892953.1729,14225042686.513662,414521824.2187412
74.0,0.4449223222136329,6.397416270305786,0.0552730030889308,84.64635616671916,6.02930276448389,0.4155839962766255,0.0051935407994508995,90358595229.74059,273833655926.55392,1334989063697.586,20596560720.77262,597407988.4584163
75.0,0.4648055541846837,6.594993773437595,0.0454940649807547,87.52272614667423,5.9726476173769365,0.1904656561593406,0.0034986789764129,73402642055.84831,207829314164.46777,1044427520925.9675,15204772251.000837,463514127.6286384
76.0,0.4455980526653483,6.395680686118072,0.0549514526717644,84.62095523814084,6.032988571299572,0.4167758336608759,0.0053126614956017,89948842041.52457,273725927355.80795,1328898091937.022,20734877781.62391,596457997.5961089
77.0,0.4622671056680313,6.565784532898647,0.0456241901060387,87.0976603542309,5.973384784248741,0.2228174972132819,0.0035964255112781,71090155763.05362,201219209687.52716,1001391467281.1597,15067764857.035692,448033647.1543123
78.0,0.4472055676135595,6.412693681409084,0.0555866021741216,84.86879009053202,6.037060071619202,0.4035396134149567,0.0049086705521911005,92298684707.12813,279615854278.483,1371009153935.0183,20739838074.456684,610595313.3105441
79.0,0.4600650739435118,6.538755561435448,0.0453766128113484,86.70413428327477,5.984928781026212,0.2492797927048191,0.0033773401115577,76368144675.4249,217963425609.44284,1096449117994.7003,15777464495.36086,484966381.85868186
80.0,0.4467668306627754,6.410894166575682,0.0558442247263013,84.84257961885717,6.024768403566333,0.3879842912645957,0.0048353037897342,88736309296.38425,266704064347.731,1306481715417.9617,19945471422.378986,583272823.5912477
81.0,0.2133797045176663,4.11940891516728,0.0720092422374986,48.06349748984985,5.898398423425249,0.5702150264195077,1.2196365701540114e-07,20280814758.748016,10182397580.852554,89357470400.92726,864994208.4572799,41171125.879802585
82.0,0.1886410132495461,4.201928488602991,0.0907367183878416,44.0194718081856,5.898387028674744,0.9639521867528136,7.41870922211067e-08,22079092921.80379,10048472948.761057,94136939224.96988,881455157.2758067,41045362.466933526
83.0,0.2036349132749569,4.105513498896608,0.0687195039554801,46.290052251828406,5.89866841909589,0.9635821996901922,8.205866910302447e-07,22153206680.593376,10583286226.830791,95775792335.55443,891686710.895957,41955295.30464217
84.0,0.1892570209148259,4.175962330374655,0.0895181750092117,44.11807665926617,5.898394785554304,0.9639386872111192,1.0129632371422654e-07,22036319835.8954,10034516192.941324,93942913758.54387,880161431.5480156,40948734.15285358
85.0,0.2036233465216526,4.106279557670697,0.0687366906308112,46.287986091140205,5.898408408291407,0.9639330838725176,1.4681378682849367e-07,21952456653.058563,10019487987.749567,92773075536.98811,860010248.203919,40673946.32858519
86.0,0.1892581794616809,4.176020479508905,0.0895205551760504,44.118202380258104,5.898387139478899,0.9639545616671604,7.89929234918988e-08,21890461985.793056,9926424157.968464,93191778230.80292,875460916.1790326,40539809.033321954
87.0,0.2036091716489548,4.106022969167338,0.0687555268037861,46.286044454905436,5.8984062233031,0.9639251895678738,1.297315947456649e-07,21961400036.2123,10023318565.928959,92809831765.56973,860046131.9908931,40694401.23421249
88.0,0.1892518788808639,4.175966187286906,0.0895171407400175,44.11734062141329,5.8984105352798135,0.9639228514985648,1.3748173602732394e-07,21967885155.476276,10013144430.503155,93729352656.56937,879744194.0012383,40807608.44170989
89.0,0.2036150270070578,4.106140895577128,0.0687590835233491,46.28681629519083,5.898384924887688,0.9639548836841338,7.605711169587241e-08,21993466879.676632,10014764182.68843,92823738507.11493,859061013.8176432,40728530.14587357
90.0,0.1892639450052348,4.176059010429786,0.0895196831768092,44.11902949972984,5.898375294255414,0.9639649176210004,5.234084549264888e-08,22049907623.07362,10014619172.839714,93871553543.57497,878757400.8837082,40935035.348059535
91.0,0.4955740614631264,7.085008104473599,0.1561112495614454,92.09080886315195,5.908301663216882,0.5702074107623075,0.009206431092601,38926532904.4768,110212974655.88605,358108098052.0866,15494671083.350557,232404087.56472018
92.0,0.4883113439953589,6.884824564671829,0.1059846704897481,91.18475971307355,5.9122375424956095,0.9998743597733484,0.012103080723456604,41920510868.61095,138879734220.79993,418685784751.2143,19579920418.08268,281399099.1942602
93.0,0.4782997870695002,6.875076092760123,0.147669198040033,89.12654581352072,5.927255241076,0.8403349070876883,0.00664200318093,61284094653.246155,167244485518.40152,750822157558.6548,16007916417.505436,366315135.1472105
94.0,0.4884794263087158,6.889051980881592,0.1065143693262016,91.22662101492519,5.912255229551398,0.9908793680913844,0.012041560290062295,41903182353.085846,138619386806.17178,419270264596.351,19511445845.244453,281030117.0279898
95.0,0.4786924136395311,6.876955439795109,0.1470030006583924,89.17954902146865,5.927943510246766,0.8459003421025678,0.006620954507931,59930678587.66275,162177371277.3834,724015663984.4025,15729453565.913212,355352241.82470685
96.0,0.4885306271740657,6.889224800356657,0.1064289485078139,91.23297502431792,5.912191298720325,0.9914019287318632,0.012055733640922595,42148578629.81477,138928953573.4832,420791253823.963,19537444989.87423,281929785.8364302
97.0,0.4781744056083043,6.873355820816797,0.1475291075729395,89.09742797385772,5.9276287624995785,0.8475219028862659,0.0064664758767426994,60376706850.41661,162722524200.5044,731302367373.1802,15639058435.994125,357083233.9563569
98.0,0.4884710636511486,6.888359329862671,0.1063614709960594,91.22344594678874,5.912072239535677,0.992132813983004,0.012068513540191186,42182674171.71909,138910451525.35303,420410699446.97876,19546260415.936073,281937831.7337009
99.0,0.4793272339106036,6.882621896782708,0.146750588984393,89.27152096404643,5.927694155790071,0.8453741001613473,0.006652909675674,59881281581.15332,162277164292.62357,723486791562.4468,15764176391.998104,355437572.7246851
100.0,0.4883280191721572,6.887533135436748,0.1065778414949918,91.20113697063974,5.912336356536949,0.991390294161536,0.01202613132444057,42455453270.5821,139474977834.45786,424807977440.2429,19538638938.969322,283369524.778958
101.0,0.4139533660105947,6.444772171311096,0.1385252360572654,83.3244536097732,5.905235889766189,0.5701663596817853,0.005008657927176245,59392444726.625336,155379449799.16086,737399979180.1049,13717127702.349855,346786362.52319294
102.0,0.4869304123785448,6.873111407630773,0.1062512644992418,91.00221008499882,5.9122375590845815,0.9998931214760822,0.01205411021285826,41816038032.34755,138079795804.98874,415839401241.4803,19497150090.78749,279886795.4451262
103.0,0.4079794628093968,6.324494954975847,0.129500789544417,81.71471564124506,5.922235600232434,0.8366013301780748,0.0048662899591486,57074262944.54433,145121666326.13818,679407111161.9492,13252130444.6058,323415776.4739632
104.0,0.4884424467832882,6.891038000648102,0.1067702103022866,91.24586018076617,5.912382159785746,0.9844297199443816,0.012020589662464262,42112625949.6303,138850518812.0178,421324027476.0017,19505418898.443195,281810025.7292449
105.0,0.4078628799372196,6.32203203030446,0.1290377105047979,81.70727640279493,5.921545232814131,0.841205357750857,0.0047875247238508,58739353913.96511,150302140105.5429,710558233293.7754,13429345132.600073,335056154.1374708
106.0,0.4819276176733407,6.842464482035553,0.1118447368962488,90.29178797451111,5.9218287823526055,0.9729703237563592,0.0109726680406842,51348069129.20145,163030812663.3733,585479592052.3799,19805107496.08642,338799952.42190766
107.0,0.4058587949817318,6.299012651439426,0.1244352115141147,81.55614655603506,5.918048822019972,0.8824901006941632,0.004826498366039719,52739639766.86387,128985992418.14398,593728134763.7466,12386436653.854488,288312799.5271867
108.0,0.4852545672855625,6.873963818348104,0.1114064617516803,90.78663902856597,5.919605430143292,0.9545513398631776,0.011331533556164201,49371352769.256584,159168310215.06793,553622682052.1776,19914374035.136826,328985650.96860677
109.0,0.4046302019863766,6.285850609726245,0.1223333145788014,81.45374301899588,5.916905568175278,0.898734249465448,0.004842200744899666,52901826196.51137,129389757923.94148,596041204451.2593,12402820461.467163,289131441.29107493
110.0,0.4904830668329331,6.919697043820408,0.1095379123767627,91.56861691397023,5.912912443254425,0.9316807174434122,0.012146083174910867,45027324202.28806,150509387197.32883,481050186207.957,20194724620.40736,306990157.22360164
111.0,0.4738065450070177,6.672899787523544,0.0511071323734823,88.6574749985018,5.908635331897885,0.0643516116285188,0.0043661351406576,50326641253.70076,133544585742.5053,638124167349.067,11555326706.8917,302092729.80605024
112.0,0.4499560145293915,6.311529472412355,0.0524480972801956,83.39571125035229,6.038637917161331,0.545156578842044,0.0048627220884305995,86306621217.71153,259155800473.67627,1252565477971.1436,19915898533.446167,564204443.2519287
113.0,0.4729836227735125,6.680252610769719,0.0480968782868146,88.7644694764138,5.9450054016109775,0.0998790380351092,0.003919184682012,59166516192.151276,161858673626.0927,788054408727.3934,13101677003.750042,363053030.72504824
114.0,0.4592443288635057,6.432718825627906,0.0545206482211066,85.16007689129026,6.011249403548115,0.437571029546025,0.0049714163610627,79874439628.13153,238844318525.15805,1139946134716.1821,19018429274.250626,520453991.5400467
115.0,0.4698167684121783,6.647364821158221,0.0472522479510279,88.28428018080679,5.9536503791759365,0.1407677156991373,0.0034089071661609002,61839132608.849205,167470496835.2067,829916198919.6534,13066013606.667269,376422776.40688384
116.0,0.4586188086040325,6.428601816470652,0.0545067425777832,85.10008199169052,6.008874069144143,0.4248740671050445,0.0047602533441558,79485114971.4627,235911161875.89856,1133734966304.649,18584341345.040295,515279026.2077752
117.0,0.4652982418436179,6.593371997516504,0.0448210076083086,87.49936996484489,5.970362338000046,0.208213279095892,0.0033512675209383,65065861122.750374,180162348217.90094,888548353210.2664,13962635542.470606,402294130.52007747
118.0,0.4454911514016316,6.248682570600215,0.0503022419306361,82.47835412417488,6.032587482004088,0.6609843493335247,0.0045913722840001,84808298641.09763,252564915201.6794,1215704891137.4546,19639751944.01584,549400905.2582809
119.0,0.4755736031420827,6.7080548782663785,0.0526963736634585,89.16914246527033,5.943134387528014,0.0918149607436611,0.0048118071700794,60228298590.76547,170574159761.5944,813777185312.99,14191509307.023512,379432451.40988284
120.0,0.4603258036685742,6.42082178007331,0.0531094777420275,84.9868801293843,6.021339080158269,0.4775091735161017,0.0052921058683293,82495048909.31146,249493034969.1891,1188378483907.7249,19786570264.883232,542274191.32922
121.0,0.4623059354567385,6.338197729374011,0.02376297639409,83.6112909699982,5.956953853720681,1.0003202480562463,0.0333926797423183,83660762370.31638,426857780318.3639,1432803801084.7363,48726238038.078064,835863750.1769143
122.0,0.4651357298637222,6.450537432438491,0.0361653265396981,83.7862136573129,6.016308016218871,1.0004011829627355,0.0268870851870584,99983459297.9415,459676918894.5126,1698865879183.117,47909862193.36635,918599205.0740874
123.0,0.4702135276753402,6.549075341340988,0.0335477321540493,84.66920405749838,5.995299665181031,1.0003458453411678,0.0266615539183408,93892918654.3271,429732968714.95874,1577532647181.49,45232891511.64635,858640949.1965293
124.0,0.4671194552796566,6.416568505044035,0.0302237046138839,84.24277755357176,5.984698614846756,1.0002513127680503,0.0346222012230131,91223940778.65387,471501852072.9915,1588563185340.2297,53481671682.49504,922255712.4943153
125.0,0.4679919758583886,6.553763880798299,0.0359344387156043,84.25738834019492,6.003766827015688,1.000392602289768,0.022124120395835,97898477420.67389,418450044696.4659,1623039191463.4402,41623225048.49794,847589814.2827007
126.0,0.4796503404258372,6.504103755586989,0.029323830989778,86.19749707834421,5.96553086283962,1.0000614682884552,0.044479748235987396,89646502043.6207,516402449231.2514,1617857140335.6543,61922807042.17905,993109975.1440226
127.0,0.470978543677688,6.589394178649983,0.0360170177775442,84.64075954307235,6.0104232550428796,1.0003073718771036,0.0215477935788808,95332662805.08598,403434761779.5156,1564243660806.1458,40215287847.83301,817843360.2214841
128.0,0.4799677071522144,6.5069158551165645,0.0283584246908486,86.23933357318907,5.968796560884871,1.0000485551562743,0.0440840107199966,91095434733.50551,516886655735.70044,1637794660130.1873,61454267130.006195,996514436.2109988
129.0,0.4701336394489416,6.616516281713298,0.0405055745741961,84.41190232077811,6.022362533631059,1.000933044789051,0.017262786099572998,98876116378.69899,391204294667.53937,1599666729629.3738,36708201833.044945,804167283.3268594
130.0,0.4773847176410765,6.481592799294078,0.0300030215101027,85.86912883682982,5.9704409215442364,1.000046304314091,0.0444557844403671,90131134547.57675,517528853447.0788,1623906309215.1572,61979898600.96115,995684612.0194263
131.0,0.4738452394152898,6.675257215484258,0.0510337290853032,88.6918632556769,5.909156353701371,0.0619603021670419,0.0042634472663089,66391452701.42727,188409567766.4487,943472735187.0,14126230379.010519,422612868.0939162
132.0,0.4594852786345156,6.481424204767303,0.0570438043454351,85.87225957541239,5.999909735192367,0.289524933003592,0.00498803244504,85805948958.75,258561039867.48743,1266964782138.7888,19380333778.942383,566700248.6474371
133.0,0.4636367637922736,6.5673281217395925,0.0437435105122047,87.12127279385606,5.999755681313317,0.2190032251852212,0.0033004232984607,72815703386.03227,203717389796.41626,1024728882783.577,14851909588.745907,454631328.35862476
134.0,0.4619662368781017,6.513527114259407,0.0578794962789204,86.33952963901173,5.975402481151755,0.2149619074296264,0.0049701505435256,83087279897.83955,249421374336.79935,1230155362920.1619,18529342185.63409,549020647.1853794
135.0,0.4728635985568704,6.677026850593586,0.047147734266137,88.71914143877521,5.945317717911703,0.0931184495897495,0.0038206437437796003,80025386839.79195,232330306168.03653,1185122792147.8848,16231889604.543436,518465120.26749533
136.0,0.4524921728363067,6.38195666309585,0.0522871579099579,84.41973186684604,6.042839746570148,0.4384265843202639,0.0050230576535219,91143079222.78198,276415052616.0765,1347749004946.1672,20717780069.276413,602587340.9277232
137.0,0.4731350047695051,6.680915620851395,0.0479304237629297,88.77400565026703,5.9529565400189846,0.0831620231386961,0.0038575555198963,71217717045.55559,201452862076.3966,1015450865078.887,14720542679.074373,450960980.12779945
138.0,0.4467321211328865,6.310541968700837,0.0535824192961885,83.38286145122959,6.059394461049654,0.5077718924212828,0.0050316030397061,87951556796.64983,263856170969.78317,1277630266099.8167,20105781119.109806,574651565.5822176
139.0,0.4729508731193801,6.678745321819826,0.0471901197187096,88.74315445486147,5.945692366730448,0.0820127626892993,0.0035112276149115995,81847349298.08614,237529944011.56677,1219832098967.5447,16307017090.800615,530630672.4573015
140.0,0.4566043010160969,6.435537686426079,0.0559030937214114,85.20367315403361,6.0137837685195406,0.3595732736847936,0.0051405224641788,78102643055.74683,232927156465.7922,1111203914320.6597,18572151128.905445,508280068.11569214
141.0,0.4349604367059857,6.160108739195209,0.0444157434924443,81.19207039560342,6.020945352506685,0.8592850903241266,0.0025042912084316,91082851519.89156,255670229799.177,1308461570024.9048,17624715875.11546,565403552.2417502
142.0,0.4133213538332929,6.158987961107555,0.0352889961497318,81.17680478164925,6.195045874577167,0.8083263292455146,0.0023827488802514,136599220626.20897,407802693714.9305,2109170439322.8103,26229991883.760452,893383408.0527608
143.0,0.4389561900769864,6.177956826106279,0.0437901795899599,81.45266894877773,6.019360574660218,0.8432092197443084,0.0026403231337276,85869223309.99362,239372179752.08817,1209661733339.1343,17034784579.270662,528825287.4437794
144.0,0.4153477839094726,6.174988757821162,0.0349426682599728,81.41009762736982,6.182149613204248,0.7969882869842443,0.0024786568426557,130771474055.11424,392354871072.6406,2007503756480.2905,25946795749.306686,857458439.829674
145.0,0.4370631569539712,6.174975749424385,0.0437586856841539,81.40819119523664,6.013629325602877,0.8528044484834484,0.0024457277730204003,86178241166.60146,235277264130.442,1209820275024.3308,16247252696.101341,522721944.10540354
146.0,0.4143337783688035,6.158678852157172,0.035077710064249,81.17252683117435,6.170178238545941,0.8104068116800618,0.0024611259014636,129031390965.0055,386786698355.364,1977428814076.0767,25645027543.84935,845484540.3100965
147.0,0.4363805878460474,6.158102808079028,0.0419434528022307,81.16358059295875,6.033451469204298,0.855804609022722,0.0023720673924311,99027701644.60155,283215560324.4033,1456786230534.5977,18991456869.2298,625292378.9803292
148.0,0.4165356358841366,6.179767243031629,0.0341263256887377,81.48055525647868,6.178190298400889,0.8030376912240254,0.002422327203775,134630218159.29308,408100402504.2755,2083362215070.9524,27004412548.989807,890657125.0589405
149.0,0.4340609979721559,6.140355653735219,0.0425982015581516,80.90415663884555,6.019935541597156,0.8650091306164323,0.0024147967267482,90707943328.8538,253900544702.12674,1301015851281.794,17428732446.682213,561867636.9552624
150.0,0.4160281586720374,6.177375273686958,0.0345505440208295,81.44511139793354,6.20028066246737,0.8066582977640141,0.0025409305695929,134806665322.45592,405778846043.71844,2078396991330.5657,26660818594.84438,886502630.4740319
151.0,0.9999856556478712,13.096692044423644,0.0290126659383678,163.1753802336638,5.8984138590742505,0.8231139840820028,1.6654412643343205e-07,29397242326.287373,10514972538.454184,109830459885.72176,1528804934.0242538,49603824.400093004
152.0,0.9999904476451744,13.096744494924607,0.0290129496614808,163.17608530667533,5.8984045874516635,0.8231505537713087,1.468884304383011e-07,29370456871.18982,10473760776.708618,109586746391.19337,1526794245.5773747,49491170.76367884
153.0,1.0,13.096833998642731,0.0290127773335209,163.17747814310155,5.898414358027665,0.8231459698851146,1.817829080177392e-07,29379473979.168037,10494263607.575188,109693555813.20932,1528085917.6151664,49540215.624487594
154.0,0.9999838463536806,13.09668924307821,0.0290131646335135,163.17512844864584,5.8983843451210705,0.8231839820829161,8.495058501212646e-08,29365071917.957863,10423803149.385069,109346406200.28476,1523670049.2990432,49396238.77117567
155.0,0.9999827209944708,13.096680981833662,0.0290134664225662,163.17496901617807,5.898376571159988,0.8231977479012955,6.75380431900968e-08,29342009671.047314,10395600658.841345,109175621489.38928,1522239955.908327,49312274.55876769
156.0,0.9999983907551284,13.096820974105936,0.0290125897744503,163.17724879129423,5.898409679109565,0.8231489140438633,1.593504868504555e-07,29371025913.95366,10477494199.989824,109602142280.48099,1527110854.8520637,49498325.44308442
157.0,0.9999821804385924,13.09667648861124,0.0290132644020768,163.1748832706188,5.89837453450417,0.8231995857404476,5.931418316860929e-08,29350326958.48424,10396710523.934437,109196541000.59908,1522136717.3295915,49326878.84364069
158.0,0.9999912692108736,13.09675610896769,0.0290127413981555,163.17620993352105,5.898398330192181,0.8231668417185496,1.2486188532830812e-07,29456979212.51935,10510143386.902128,109901419221.02963,1527883739.2811084,49685478.744451985
159.0,0.9999809016278292,13.096662649441058,0.0290131974721941,163.17469777287656,5.898376400282153,0.8231968831053711,6.698909329536339e-08,29365449436.578484,10410134840.415346,109283758586.74185,1522794022.8394666,49373102.20054442
160.0,0.9999887522036726,13.096734247105504,0.0290128535354837,163.17584542727715,5.8983915311658155,0.8231763366909501,1.0677595364394435e-07,29397244712.028263,10459253736.693718,109564199099.15376,1525502958.696724,49506524.4584352
161.0,0.749868757817765,8.396324460944276,0.0316447217797399,94.73748102457797,5.898488828946171,0.8230918827902722,4.407335398001967e-07,26282006119.455086,10605933585.682228,110610722469.91054,1542210559.3076224,51305496.45540764
162.0,0.748515254966507,8.380410410847283,0.0322615269652521,94.50471883574262,5.898466585764617,0.8230917625086107,3.7911943493899794e-07,26281376524.230873,10593790386.983574,110603586739.81862,1542874075.6760695,51294268.96433149
163.0,0.7499939492931557,8.397233198133696,0.0317069708486647,94.75256370697014,5.898662408057451,0.8229367056919944,1.0413217368417074e-06,26426446174.976067,11009079111.265686,112741117048.65231,1565898246.2788424,52222777.286450274
164.0,0.748514247777716,8.38042317545993,0.0322586931959872,94.50435119613121,5.898424035735086,0.8231598442959442,2.3403630386896552e-07,26248019125.25177,10475273859.080572,109985007293.85382,1536163335.6509511,51037766.94810678
165.0,0.7499665918468592,8.396983203782378,0.0317072565848785,94.74805119339493,5.898564078324296,0.8230276794400962,7.729935592268889e-07,26344995888.715473,10781175307.467573,111524510841.44003,1553212060.1825163,51704202.31316022
166.0,0.7485322557599394,8.380500377962544,0.0322616730287997,94.50627877475029,5.898489618206005,0.8231035568765565,4.777383549558054e-07,26295257841.74805,10619412996.328499,110733898359.0266,1544689606.1755228,51358695.17118244
167.0,0.7499504088145201,8.396836277981013,0.0317240804574513,94.74541077302601,5.898551935534546,0.8230324415777391,6.59916759996842e-07,26339141961.549656,10767028908.569738,111472454633.45604,1551791122.2373683,51671839.72131936
168.0,0.7485954648155274,8.380982655899329,0.0322568273998483,94.51444425830577,5.898606559441877,0.8230174010409016,8.535737500518628e-07,26401082403.818127,10876080352.249212,112109036277.15782,1559330523.728155,51963082.02151905
169.0,0.7499375439708048,8.396754694231204,0.0317172147645202,94.74382917772603,5.898513513604177,0.8230821989737185,5.323150871969792e-07,26318626516.98512,10676284625.966085,111008957869.03293,1546489299.8747125,51483235.32679975
170.0,0.748526919278505,8.380523976742063,0.0322585789054719,94.50561366612683,5.898410133258165,0.823178148220604,1.7938596160783188e-07,26238062936.655174,10437430092.788214,109790707354.80827,1533946549.7977998,50957025.9646788
171.0,0.9018023843708156,12.121929179535144,0.0441959713179128,148.95098530965905,5.898447044848674,0.5703640324260644,1.0744929294770584e-06,30921321103.322025,11039430632.90474,116674989796.43065,1827676322.5794823,54358220.05257189
172.0,0.9016551833006629,12.120440638875593,0.0442263464937271,148.92962315072765,5.898496208124008,0.5709248684606381,1.5750523080340844e-06,31056732778.408176,11313817752.551931,118224735684.30441,1841988613.9515345,55035229.25389782
173.0,0.9018036267608373,12.121949013817822,0.0441979744068165,148.95137033803766,5.898458955730549,0.5706086441286845,1.2050333965001216e-06,31037636149.519142,11192225343.126257,117606419974.17172,1835083777.3671477,54798036.182161085
174.0,0.9016561138459188,12.120442840952418,0.0442300504879071,148.92970405495217,5.898500445257135,0.5707398817750183,1.6364318547642345e-06,31040561940.779686,11323538407.395046,118246488805.82832,1842691210.1966407,55029615.48728946
175.0,0.9017723435987408,12.12162588271029,0.0441928902175148,148.94702662869665,5.898510911613587,0.5707361356374655,1.7926221086436728e-06,31089220888.36615,11403463509.458054,118708416945.22984,1846850285.0859962,55241824.82428969
176.0,0.9016612243460832,12.120490425167445,0.0442296440215074,148.93041861622893,5.898498102267711,0.5707473924028748,1.5646647076750632e-06,31047144612.53492,11345821292.609398,118372440150.95021,1843681539.175257,55078693.34406772
177.0,0.9017732055984078,12.12162745718808,0.0441918108243184,148.9470875277112,5.898521254406962,0.5707314473276242,1.8770334185790528e-06,31078858371.78619,11393976863.730885,118639068749.31972,1846613605.8268073,55209155.405620955
178.0,0.901677290233694,12.120654988311056,0.0442334274282778,148.93264442011363,5.89847055630788,0.5706584249106245,1.3039209588517187e-06,31014120513.19893,11216912865.310675,117692871513.62262,1836654434.1171956,54805389.697701216
179.0,0.901771774608463,12.121610511108525,0.0441901632907033,148.94694672899783,5.898529230783298,0.5708166730863028,2.0024947798640605e-06,31102739439.69062,11453291734.987762,118964325267.7194,1849798107.5915174,55347692.20624053
180.0,0.9016620134721242,12.12050654596675,0.0442310410291033,148.93062878847903,5.898491565916274,0.5707216769601672,1.5355761384706363e-06,31064722794.31346,11357501667.769623,118459353187.92393,1844084394.7689667,55126191.93267958
181.0,0.5123179261574186,8.354262218037032,0.0003255567578251,91.6863660072018,5.89854368286181,0.570127050212091,2.5969730870775204e-07,23291395647.604973,10540114398.757776,94567004701.28801,1054814727.2687958,44717551.633431554
182.0,0.5132568688016452,8.360627168297178,0.000301374247247,91.8217306785968,5.898931725856201,0.570216699765583,5.772484216450691e-07,23188091629.048077,10749295706.833384,95400212230.36736,1070361262.2317445,44907842.66698285
183.0,0.5129372400774069,8.366505422579852,0.000307006894136,91.77449226569952,5.89861908724597,0.570152244699475,3.120208983598186e-07,23149862805.325092,10489911544.081383,94111554802.46504,1054424327.163747,44409789.43537466
184.0,0.5130042028516655,8.36360346177118,0.0003113597073657,91.78499458269114,5.8986788827689915,0.5701590799667609,3.691427649031252e-07,23151436202.657154,10562779979.618753,94464576980.31415,1058637365.5738888,44537654.79716803
185.0,0.5131081485398745,8.36149985633588,0.0003067218817531,91.80001842826802,5.898698724410631,0.5701618260199556,3.720309076339199e-07,23146168302.217705,10536388153.686892,94322186131.76558,1057609882.5665277,44481913.99625911
186.0,0.5129866159425275,8.364123925428439,0.0003114302349923,91.78231808638272,5.898698640351863,0.570160359475314,3.543958451935575e-07,23137957508.253777,10526625388.430414,94264863895.53494,1056745792.8512721,44453445.25206476
187.0,0.5133453304316534,8.36423512459836,0.0003065709838028,91.83453248624808,5.898550665698893,0.570124896759006,2.2307714493174715e-07,23110520443.94527,10395911862.090141,93610759622.3887,1049671485.5516776,44186372.24470363
188.0,0.5129790952194725,8.363024976919256,0.0003113182362783,91.78120900799048,5.898577569551876,0.5701424262981691,2.659633492669198e-07,23078355101.747288,10423853883.85488,93687630402.00168,1051151422.5158895,44187813.34938269
189.0,0.5133397006144038,8.36398465462216,0.0003066156020018,91.83383198141505,5.89863901948129,0.5701689150182506,3.434798752563095e-07,23177069990.549156,10540871602.260437,94402453527.20415,1057683173.7333752,44537042.7113668
190.0,0.513014113958922,8.362853346166947,0.0003113820955758,91.78644309472236,5.898682704794801,0.5701582250604932,3.364345375458606e-07,23170757638.432182,10533595788.27987,94351539585.04922,1056788336.1086767,44515588.9667583
191.0,0.5122682463174596,8.353323436447052,0.0003252877560796,91.67922202259959,5.898605417640398,0.5701527543395404,2.4714946880783815e-07,23426586310.832943,10762173314.988138,95886088442.5497,1065061373.0657744,45308891.83472457
192.0,0.5132429129430411,8.360675726865129,0.0003012119877652,91.81942831702293,5.8985882198172135,0.5701321839397893,2.068248950465127e-07,23452475529.136597,10642540070.958902,95347725376.3989,1060092477.820687,45132310.28807761
193.0,0.5129350433416707,8.366313893693315,0.0003069464243755,91.77427720083311,5.898684190715654,0.570159039223989,2.902786658628815e-07,23445046068.051125,10718212476.298105,95685063042.8005,1064166720.3848608,45252733.91531718
194.0,0.5129957731757241,8.363703433042428,0.0003113231243925,91.78371187115536,5.898635100096385,0.5701409133454259,2.478272899847369e-07,23445003172.589508,10678051206.146154,95496881666.45667,1061712628.6582614,45184147.13200211
195.0,0.5134818527438969,8.365415430284582,0.0003064333296887,91.8546609130068,5.898657792593957,0.5701497541101548,2.739091274561771e-07,23438833086.29636,10712254284.988976,95660240218.963,1064398047.4724358,45231193.33213379
196.0,0.5129556222429362,8.363842006989556,0.0003113131596987,91.77770991175409,5.898560949130716,0.5701273383096316,2.0000342384705266e-07,23376023700.096226,10582466104.969143,94930413120.55606,1056847226.2206917,44915342.18279287
197.0,0.5133936703787639,8.364576065938838,0.0003064348796231,91.84171203569363,5.898601574128672,0.570131784501116,2.3807470356555196e-07,23313446425.87225,10583551296.645128,94840804212.68016,1058215200.5436084,44819197.08309795
198.0,0.5129790683818847,8.364545744397768,0.0003113231247406,91.7811772132407,5.898619477433252,0.5701418242214044,2.333794867370229e-07,23446746560.980007,10670448763.216896,95465916872.95284,1061157748.9295304,45174023.38173788
199.0,0.5132940538963646,8.363073900794461,0.0003065408945025,91.82747848539864,5.898878719086684,0.5701938887952203,4.3496458421039e-07,23534751132.95649,10924906754.312885,96815196820.77695,1075882536.5332146,45741424.73999596
200.0,0.5129630635827764,8.363577549833284,0.0003112878790383,91.7788338220687,5.898601100195696,0.5701444729353166,2.147355663263208e-07,23406899451.736004,10636989685.474726,95246272678.84067,1059506252.7872502,45056039.86048763
201.0,0.420166118537256,8.1075979307453,0.0302187691094883,90.53488279151007,5.898367317341074,0.7659787711911777,2.618304940903812e-08,28870044021.918648,10418311023.61848,108878956279.47217,1527831615.7084334,49524324.85708322
202.0,0.4180182765341119,8.089106889935959,0.0290077151191655,90.26538045587388,5.898542952475033,0.822988320122465,4.0207880701589915e-07,29421620195.98773,10694951188.37937,111303807163.48822,1547259337.298758,50221730.216767214
203.0,0.4191624478759578,8.098254101396098,0.0294988774253629,90.39748622142712,5.898410733888936,0.8231115562572296,1.1719102410422772e-07,29573712105.662,10650404263.182537,111382518185.483,1544326437.5353444,50373476.09560468
204.0,0.4180242611610467,8.089186178512117,0.029010385659945,90.26629749619084,5.898466917323877,0.8230686003865182,2.8043606114750554e-07,29406288608.23187,10624392810.416471,110948634494.95038,1543134419.9336665,50076778.14331598
205.0,0.4191623765687515,8.098258566287122,0.0294991549333217,90.39747140036629,5.898394207452767,0.8231454817393622,8.38792047267022e-08,29407932929.420643,10520465907.070648,110493854347.13449,1538611275.181828,49896199.56714357
206.0,0.418017223487876,8.089109542367737,0.0290090435270657,90.26529191675823,5.898502207140769,0.8230346574314865,3.3504732499821166e-07,29419003907.43228,10657937802.39087,111123156071.98573,1545130874.6714253,50153779.78306692
207.0,0.4191535913768574,8.098137658125417,0.0294968436549227,90.39605152804373,5.898444843838448,0.8229979319819344,2.3639862143246853e-07,29391313139.007908,10588475722.846895,110789084159.42952,1542878659.8826258,49990020.31069754
208.0,0.4180239811091391,8.089150231860888,0.0290087768338022,90.26611915810227,5.898574140779737,0.8230274905796824,4.35645253329298e-07,29422663743.212738,10709661070.2948,111374649908.08571,1548151410.7619648,50247617.838069946
209.0,0.4191604059743225,8.098219650361262,0.029497537821948,90.39711576832102,5.898439777829427,0.8230681884567955,1.830127494865683e-07,29395148262.898247,10558620800.689655,110651429943.82782,1541107858.1564016,49942983.791925676
210.0,0.4180311509928561,8.089276355962943,0.0290117307780049,90.2673706096351,5.898436677363166,0.8231338835610256,1.781650044884653e-07,29382541111.97337,10550430259.213305,110555834169.8146,1539072650.0031133,49911855.04230445
211.0,0.6829754529657391,10.703541574860976,0.0020215526803732,128.72163998910992,5.902044311214924,0.5508382912370434,8.248676630201573e-06,37540476627.95628,18166427016.8136,163845488088.44824,2682365701.575221,74577468.39329664
212.0,0.6809345328191556,10.685781600349284,0.0020028185416436,128.45843965261827,5.900281414049684,0.5540290503775118,4.777476114091569e-06,36547881717.49573,14753104782.74315,145665525522.37518,2495318526.779333,67144473.2598055
213.0,0.6829294338113115,10.704240583224417,0.0019935271767451,128.72188195146316,5.899278704755588,0.5536561932395357,1.8324992613550264e-06,36104039611.09139,13151772434.588465,137476097825.72012,2395603753.5146613,63721034.27296823
214.0,0.6810092175967077,10.686616119640297,0.0020052324798901,128.47178424446824,5.900284077633886,0.5535275320362627,5.510850440385799e-06,36636772552.1846,15086047573.063862,147371988747.10657,2515317376.3821054,67863953.22678551
215.0,0.6832400174053233,10.706543598457907,0.0020011194104552,128.76327955279282,5.9010663101383445,0.5539351297007911,6.085855152201109e-06,36844014252.12204,15812493834.841413,151230610685.20044,2550432296.011878,69426640.94602574
216.0,0.6810945064948485,10.6872135788991,0.0020066901414133,128.4828933565972,5.901225494255238,0.5537679340177346,6.861650388648109e-06,36995850940.63274,16368466144.522612,154150057310.20935,2584449047.8242054,70619613.19860512
217.0,0.6830020794062499,10.704872873725265,0.0019964420869559,128.73385437714353,5.899955629910892,0.5537339237915642,3.413174681091863e-06,36400616399.33515,14206069191.255873,142967006560.49875,2455409599.927225,65990391.248804905
218.0,0.680676807552827,10.683834031258469,0.0019984276663055,128.42480671228586,5.899377013674988,0.5535869203566897,2.080222346400393e-06,36174929418.4784,13318861654.324223,138414969255.83783,2407661179.7651806,64111581.374233775
219.0,0.6833537031754797,10.70704235558784,0.0020061176832871,128.77506883888458,5.902793081487468,0.553923188334932,8.741751663951406e-06,37422646917.55277,17831161553.810184,161833395906.12466,2661235720.0773373,73779934.50389318
220.0,0.6812140831005368,10.68813394525557,0.0020070650006844,128.4983379101661,5.902251046503372,0.5553482881001577,8.532201710630906e-06,37202941389.36798,17099838236.01434,157765700168.3314,2632307355.14284,72157780.22500442
221.0,0.4740181281638478,6.676550683963359,0.0510282290912932,88.71291517610015,5.911519499903376,0.0621825699116492,0.004284066489622301,63630531225.02055,179125022507.9268,890713813628.4209,13719672480.386246,402062877.89993423
222.0,0.4601276437939646,6.491791176507783,0.0582368617038987,86.02337345226395,6.012587855986243,0.2648465183977552,0.0049522051702235,89899656528.75566,270045872803.56015,1341216323579.606,19604537108.823734,593376833.6522785
223.0,0.463265582161898,6.559100785620205,0.0430557151653412,87.0006143950666,5.988534857284685,0.2386837326502228,0.0035575824960848,74958674682.3179,214107501204.60953,1071801671178.8423,15646587682.689678,475982715.79426026
224.0,0.4630693947106738,6.541835502821908,0.0584384781301321,86.75160854659188,5.952667370691736,0.1716474256516139,0.0048434482702205,89620065334.35506,272053320419.4274,1363067502909.45,19400269658.894672,599992295.2914544
225.0,0.4732372375160717,6.680882100886223,0.0472429113218791,88.77510418608556,5.944386531467733,0.0909674620970033,0.003829798830043,79363536835.04384,230000783726.81305,1172252649927.1707,16126513665.725008,513376965.512919
226.0,0.4628205889098438,6.5365374520888,0.0571150471701697,86.67382240275278,5.965801023448146,0.2060156833098003,0.0047830016441451,88782846579.7776,267398195632.09106,1337742141077.041,19175148827.71571,589585987.1726947
227.0,0.472711510857278,6.673552266045673,0.0483947782449078,88.66907933707765,5.9520420737705875,0.0947203075329606,0.0039837040906176,69720297978.21725,197815293644.54102,987509005233.217,14773723334.696712,441969961.89524317
228.0,0.4565970062252736,6.445927498643411,0.0565325529119906,85.35549153461632,6.009086914673609,0.3396734920931235,0.0047624116649405,85267183322.55241,254168315149.90546,1245875736790.1692,19109809547.432316,557141697.8578495
229.0,0.4625983136070012,6.551349915709005,0.0440999315776472,86.88919207257206,6.004701758135908,0.2377449587354998,0.0033945753825534,74667852400.07974,211332311390.5451,1060456888783.9697,15384294489.204336,470328910.08352864
230.0,0.458762209298947,6.4654089846001135,0.0552713542407542,85.63563074139941,6.020375055526632,0.324172640816657,0.0047182826125686,84174666832.69563,248998690130.18652,1221568397262.065,18725366568.700848,546395385.7136713
231.0,0.5397358995553456,8.67138837840489,0.0249314750895167,97.6577384439836,5.916110460483773,0.8475131643444024,4.1815567877165226e-05,43914245062.50738,56416411326.89339,357313025074.48254,4202312271.2894278,151377126.56911185
232.0,0.5580737054515162,9.091959881703326,0.0306631838638665,104.72258649551843,6.303784879568456,0.7016073198929653,0.00043161215809429997,216513993113.64584,655458310608.2251,3550705057804.7417,38059270936.08312,1447977268.6580737
233.0,0.5558434727934712,9.515988902099997,0.0455732033624977,109.82542256363575,6.179833017239201,0.5703215441308851,3.1951145600123976e-06,110824862962.7512,269985467568.8349,1535515282851.8264,18266295814.26931,620578595.8992609
234.0,0.5528596755850974,8.868504000990521,0.0298498196725254,101.48009298904456,6.017449109037773,0.8132220600060801,0.00015100000202344173,132977313436.26007,365279087433.39026,2029231432588.6953,20743717348.72151,824027611.6356921
235.0,0.5656312842774922,9.05949951804582,0.0413611337360766,104.02495032812276,5.936728944932411,0.5719193467740401,1.6410233317210306e-05,122247428775.81364,324252564247.27844,1837186963347.324,17852174197.87722,740885824.5315683
236.0,0.5434513247980064,9.072150899704456,0.0306419819943432,103.86592312854798,6.032050793844388,0.8020919407290558,2.1711578370402165e-05,124754792974.0519,326850011951.3576,1845881120393.913,19527346156.774174,744525947.0452725
237.0,0.5604653354409771,9.555051767837854,0.0391964906858099,110.62570529521517,6.149955942061729,0.5720658413901173,8.800495429557141e-06,126357080879.60333,323576123425.9793,1831572430907.067,20871049975.33889,738352654.655283
238.0,0.5489369986703255,9.508068394838002,0.0423901654022331,109.6575316213744,6.20626280807611,0.5743673328139653,9.805492775422689e-06,109077985740.80042,262866136726.05115,1493863807175.5764,18314781679.524315,604638615.724056
239.0,0.5387413867051242,9.020687594420457,0.0282958625576685,103.64648583707903,6.09037687585504,0.7071375201574078,2.6644584096947324e-05,138222737749.58258,371999836296.5719,2092081177182.458,21948025292.71237,842389234.234891
240.0,0.5299097213607178,9.05236456911623,0.0342984332325486,103.61584167826892,6.127613710657785,0.7925829760638163,6.664409322468448e-06,140665887075.57138,376069751804.55566,2118459736833.5378,22647045868.79324,851678873.7005987
241.0,0.4386528420809092,7.617791852387161,0.0636512305961695,82.16433595421327,5.898436584098235,0.999999660570997,2.862047758612565e-07,41221717397.95334,11039960046.244137,122357209320.57458,1835535142.6777744,52094172.916190974
242.0,0.42741240206542,7.521532821721662,0.0714924735898894,80.1856708473356,5.903909243277836,0.9999619696272222,1.7139602813314866e-05,41213108014.72237,24712948036.280247,190066774192.65558,2494406376.0992446,80586203.06917562
243.0,0.4421183467963393,7.721897617165531,0.0808944029908796,82.70121890976333,5.906417418868918,0.8158343093054534,3.216067937863568e-05,38124446174.69719,28628844654.408283,205074230135.16626,2774083431.865236,89307008.37668066
244.0,0.4245600588986935,7.469157991096823,0.0722301972327515,79.48691099515105,5.902479657015436,1.0000589781635558,1.3669308310251363e-05,40073297791.736565,17777516171.077023,153476373189.53748,2104702024.9526029,65307228.00515498
245.0,0.4276121153146274,7.496254857501614,0.0694814520671182,79.9760622458626,5.910543544699666,1.0000216162588242,3.8684990421160515e-05,45465925513.48432,36150935404.766815,250650216460.8164,3120162905.8057585,105041515.3787486
246.0,0.426616699532805,7.485902043871029,0.0714895501727254,79.87990712902756,5.903657438776571,0.999733259080171,1.8459605079450202e-05,42043871197.08912,22867511556.41128,181803540953.3046,2393314136.762863,76472114.8661174
247.0,0.4497003715537913,7.7111683879343,0.0628904338342005,83.0543841876599,5.9808314918328005,0.9114739007726156,0.0003401055531976,78762456458.91867,180556301001.17612,984079415597.3062,11600071075.809315,412828665.1459028
248.0,0.4270992249097395,7.492161419508895,0.0707251031263055,79.9641470987912,5.9052214187539525,0.9999130871080808,2.233451146270508e-05,42499275022.734055,24531654426.942486,190147164698.6749,2494871835.5028057,79973181.16900836
249.0,0.4267967690622056,7.490057433789669,0.0698216816653825,79.8635309311034,5.907285675343983,0.999946300642897,2.6342463306841716e-05,44318977223.85121,31912655604.561916,229413551874.50195,2855768131.125932,96051403.67943937
250.0,0.4420804533888121,7.723183200543444,0.0807890442342226,82.69503891202075,5.9075800545448285,0.8161936527308677,3.074511921725444e-05,39069323928.01401,31703776205.889347,222979546010.18964,2892897629.551714,96135954.90579683
251.0,0.5527321161215218,8.486373574759243,0.042433974909656,96.14539039114818,6.15453569542418,1.000000684543861,0.0006583657884271,154615102021.8301,464261375139.0326,2474080390433.5938,27198130479.28531,1025029186.9731265
252.0,0.555392575817738,8.901197587774496,0.0383789540804603,97.31620576693246,6.108828624693865,0.9999958202839084,0.0007619392023377001,134979942121.74055,399777190438.22675,2113643994916.9016,24122364912.869415,883972714.4348938
253.0,0.5485651558250276,8.478606223404086,0.044227699380886,95.7042295354631,6.113314415974974,1.000030801586011,0.0006024405969706,157779548082.84503,482733798496.3563,2571044795199.2886,27904930047.092976,1065663809.6790488
254.0,0.5592814551995402,8.513798826524502,0.038976044699716,96.62462321917664,6.216311329972317,1.0000004954006223,0.0009192581173905999,181828987639.02338,566301326643.6403,2983451021467.2153,33258547584.389107,1241279947.8345382
255.0,0.5628511454148287,8.854834562145054,0.0341917649023614,97.41437483854327,6.163635824038061,1.000011264754293,0.0008669693515294,154999360777.95294,468816134286.516,2482265280686.5303,27625767801.517963,1032978072.2233458
256.0,0.558982923085967,8.47206261285309,0.0414399038649706,96.0352538067236,6.1783551452888865,1.000000066371526,0.0007974877282736,173110857342.58542,541948518509.35016,2838904837856.2114,32409360468.33308,1186328203.707626
257.0,0.5607544341652997,8.775197113094398,0.032578013236874,96.60681609493173,6.183960670759819,1.0000005376106178,0.0008968842825059,170357559570.02963,529192280437.2126,2779319801700.23,31451433339.875782,1159876470.9451592
258.0,0.5574959726059702,8.482013002513568,0.0409077924779194,96.18737592100214,6.151876367478738,1.0000133393598394,0.000775252621227,159808079313.12704,490631910873.4742,2586038484963.357,29100663483.073368,1077829056.4252014
259.0,0.5606379666499681,8.76271878564394,0.0326517268304347,96.47981984595697,6.166774515042262,1.0000022523519565,0.0008595778007750001,160883542449.1608,493383546827.7192,2597704758027.952,29299371644.020412,1083737882.0717394
260.0,0.5568856893851755,8.474453921639805,0.0398134668482786,95.93250914280529,6.185864709598352,1.0000038101821551,0.0007642991007161,168748154559.40903,515271470100.2475,2738314508870.959,29797795706.782265,1134015729.0611355
