id,infra,pace,import,power,storage,bio,index,scenario,wind_onshore,wind_offshore,open_field_pv,roof_mounted_pv,hydro_run_of_river,fossil_depletion,human_toxicity,land_occupation,marine_toxicity,metal_depletion,climate_change,battery
0.0,0.5019845570452119,8.089425633075022,0.0290147315808306,90.26975159371551,5.8985188899333965,0.8228428776379451,0,0,13.866014298214122,,59.622790692369755,,1.6155,1656573574.3481903,1522269865.9409685,789768660.736611,67550223.87249075,166183397.963479,5607614396.927338,4.675065200126717e-07
1.0,0.4665439666911353,6.582621099900612,0.0616791023209778,87.3431552430396,5.90540306865921,0.1053240761074639,0,1,22.163600919162068,,45.00508226505882,,1.6155,14152918163.714624,170463002856.83914,4766469362.0982065,24426164076.54426,129494294787.96353,42977693639.22827,0.0050129815717119
2.0,0.1881200008807587,3.729211861614511,0.1182384438737803,44.653267520163126,5.9018983210107665,0.7117551560035472,0,2,25.305061162613303,,2.231546741630743,,1.6155,849156714.6159401,1567530269.8240225,451791833.31440526,153737055.83834997,726209251.949436,2912854693.519321,1.079387877709646e-05
3.0,0.2395485438156246,4.25348724174246,0.1146744774140022,52.36806391100946,5.901122540319956,0.7152786383315111,0,3,23.262261035691495,,11.8057759361534,,1.6155,650723782.6809278,882806670.8237493,369864152.73830664,69773776.94006033,299337008.7866164,2264742966.7965508,4.715755709111594e-06
4.0,0.2066186962485643,3.89421898137887,0.1099477998496877,47.2696985205901,5.902749800453825,0.7123299661053965,0,4,25.4281277012606,,4.817398567012824,,1.6155,792777546.4724278,1395767958.6264362,428829821.897477,133288036.75780146,623183292.3468115,2728652412.3769817,8.633728227860809e-06
5.0,0.2167521025190885,4.020260046091668,0.1154258293806272,48.96334009860853,5.903019727570881,0.718386667893706,0,5,24.08122784523693,,7.647632580322997,,1.6155,723813506.7544225,1299377254.6625605,399765838.1943516,125552496.98018494,590010081.2800103,2499689731.086489,9.537960259947178e-06
6.0,0.2376920861321784,4.178839900038492,0.1067937256240843,51.66396719812929,5.902084950600103,0.8356451463761309,0,6,23.787430790688298,,11.00721351578644,,1.6155,777057691.7375716,1183350183.0971532,423738288.3373752,102653765.84733568,460510064.10552037,2681603417.6635184,8.610532471323461e-06
7.0,0.2176348755052997,3.948004116292392,0.0822028718747228,48.97596806096413,5.903472475502197,0.7274891059513084,0,7,27.397393634551822,,4.45325261629401,0.0015952139373308998,1.6155,1163583359.3531709,2665662107.254437,577644467.8755039,289255725.8004356,1416440987.5554104,3931849569.949227,2.377000224288489e-05
8.0,0.2452908559565656,4.287532876391808,0.0719543585418506,53.27602467463142,5.902488490622003,0.7833853443363576,0,8,26.986993881061146,,8.91114463622648,0.0029920969263471002,1.6155,877914227.8605257,2020794293.0182354,459080301.8031942,219588219.56989923,1076446572.310198,2996708152.7970805,1.810813396227032e-05
9.0,0.2560678904413735,4.372731752486365,0.064800854721849,55.16501424333016,5.902495399920642,0.8761461381200185,0,9,26.017712188678715,,11.441699081591729,0.0082030832164015,1.6155,978468572.3066983,2640292004.785674,498517895.2157159,303565431.0466933,1515465193.3056552,3315584609.607706,3.795557008539891e-05
10.0,0.2747444379907544,4.585719926332144,0.0894109769035849,58.18342071316006,5.904545686267645,0.8346053742026529,0,10,22.457798735865513,,17.736313827880263,0.0110183537337723,1.6155,873737630.2924433,1922186712.2320924,459676534.9662797,205246566.3611604,1000174893.0937259,2982044433.945998,1.7834559400441414e-05
11.0,0.3425875199562457,5.322106448249257,0.0986837377964682,68.98655356817729,5.912396667282441,0.5776064557224987,0,11,18.876305201825488,0.0167184746166709,31.164093453213937,0.0433014187934106,1.6155,1800816701.8103297,9208918137.562225,811758244.1015211,1218275038.3128839,6330586323.60268,5878119783.123755,8.904155320668472e-05
12.0,0.3272732450876153,5.121533283360474,0.0570662392312311,66.06142793299941,5.912240429661423,1.0009737770934894,0,12,20.036737396718944,0.038041638893251295,27.48312147409642,0.0759639608157525,1.6155,3982397801.3073263,37027119035.49316,1518710370.504641,5216900860.720649,27544846395.055817,12447361604.728523,0.0007758823954224441
13.0,0.3294898647170335,5.171743881150243,0.0537174319639687,66.80195312061389,5.919244335193949,0.5758890320607509,0,13,25.23773830119523,0.049818332350970204,22.638647304648305,0.12316284552140319,1.6155,2977173648.694807,23067645464.11885,1211102535.920717,3201187542.167631,16838996357.937649,9453520804.411562,0.00036883358027614316
14.0,0.3481516849410986,5.3699915380512255,0.055176230572717,69.69011033871755,5.9322007088133795,0.5761341820984275,0,14,23.486356670560518,0.0885276579917326,27.156672689064823,0.1506559837804575,1.6155,2231537425.9587398,11553362438.027857,1023460002.6286585,1530406643.1574643,7955033007.20177,7256153155.198471,9.493551593298604e-05
15.0,0.3521755995587869,5.415537247429549,0.0797254185182077,70.34987898516275,5.944429139854831,0.5800801933293528,0,15,20.163388559899996,0.1307038971626586,30.97824158775213,0.1963701897261347,1.6155,2307485913.288259,12680827864.481987,1049397002.1351944,1693718726.3156862,8823129962.37951,7479915436.706414,0.0001542231609187541
16.0,0.3440178076794805,5.324001472602685,0.0805831737228207,69.01940085987049,5.914061657833361,0.5837735392078488,0,16,21.214477167289644,0.0574601603579516,28.862099794536903,0.09234657171889771,1.6155,2741530849.863332,18999862791.271282,1158322298.4649937,2608216427.8400297,13682607597.795372,8769766341.908318,0.00033138493730580003
17.0,0.416514959305707,6.075153341541999,0.091727260992564,79.9560237720592,5.918518181608593,0.5977444687727845,0,17,15.846002390908593,0.044401651217334,45.06993352947081,0.0298864072405908,1.6155,1717837194.1520288,2189065996.295345,891670139.0314983,162891411.2532961,672169858.7228941,5775571951.479079,3.2648964268611495e-05
18.0,0.4166294262717566,6.062290363782109,0.0807380135729092,79.76332374100112,5.941183634060882,0.6193958680552614,0,18,17.506673704234274,0.0618452831985765,43.156345563313394,0.0501221355023119,1.6155,5301080263.195201,48689950771.934654,2053751386.3299305,6853638772.248842,36177802615.911736,16535973288.432646,0.0007881052286180001
19.0,0.4013679789694325,5.929737225656647,0.0910861585831386,77.83892826370936,5.928547130686439,0.5837624870466033,0,19,16.358550643609412,0.1492599415921534,41.75056352508093,0.0161788544933124,1.6155,9662724027.482563,108365597003.44968,3414246459.1587024,15462595646.65686,81891598660.16273,29574570682.67922,0.0024080339445731558
20.0,0.3648695508720686,5.408323449407118,0.0817492022439321,70.24608173085868,5.922608522559265,0.9997131498768508,0,20,14.086041211092555,0.5604274031585574,36.885091913052705,0.012506972814541,1.6155,36302421409.74615,464130797078.366,11876760823.955286,66726372351.47467,354027046380.2553,109363605454.63123,0.012573538665558735
21.0,0.3618408307711624,5.388472203390504,0.0992402125847657,69.95662179727469,5.929351621122952,0.5774784537806745,0,21,18.123989678849032,0.0403667024031146,32.55765616967819,0.0516971873443578,1.6155,29799087423.04656,382199033706.507,9784614219.823772,54956427837.750946,291592268448.47705,89761642920.34782,0.01044012988056763
22.0,0.3777494462243382,5.548798979761839,0.104838940172915,72.29127769571943,5.918802943603673,0.5744386098113737,0,22,16.50360413063079,0.0074709228147198,36.285410410768854,0.005908418770668,1.6155,37201401743.96081,479271075733.50995,12141379942.191734,68931054770.71095,365760324183.4136,111975592812.06,0.012416926983950508
23.0,0.3720266123816271,5.502492110369633,0.0905035671187012,71.61634399621894,5.947995007621131,0.606268045143721,0,23,17.87382375616818,0.09322784504210391,34.30164352106535,0.1385433513315752,1.6155,27268735728.1252,349268018255.5181,9053209643.915375,50216783179.82963,266439662228.00146,82158680745.40643,0.008963128104618811
24.0,0.3798595767088511,5.586272968257345,0.1211317629847495,72.83870700201858,5.930489021265123,0.5769979158740147,0,24,14.012670306958176,0.0622487243400215,39.170003369274596,0.0778310733043003,1.6155,30138787322.14063,384708730695.1984,9911261012.572449,55303126348.078415,293413561126.20496,90830822944.9011,0.011467760746631316
25.0,0.3992643808392984,5.907909006799311,0.0903987810287098,77.5204677261441,5.953212122740235,0.5797325092167821,0,25,16.977727213286958,0.069104399451262,40.96336047675951,0.0390955892306479,1.6155,6355507363.862279,64906623593.76678,2368817178.2084846,9205343141.836164,48681099974.49403,19652805476.835934,0.0014107126624769302
26.0,0.393767872106187,5.856515543084488,0.078437146851129,76.77247935247333,5.937449922783569,0.6185742299560684,0,26,18.363513796633065,0.0913384807708516,39.02716220709296,0.0317098447125192,1.6155,4230641086.089914,37107799097.39818,1764513638.1187596,5203081650.525361,27440144429.47451,13273994464.604347,0.0006545997127931366
27.0,0.376286837241327,5.637900086834922,0.0764237190529834,73.590062869538,5.931855550790985,0.5758236600835631,0,27,20.03223057464197,0.0608533415887177,34.2808532190636,0.0216670517676358,1.6155,8933264637.978237,100281005856.90024,3152333449.648987,14309805220.924665,75787314366.54384,27350424143.602917,0.002376241733409697
28.0,0.3704202698419051,5.543833505792724,0.0749558624077762,72.22022041640108,5.927409297008168,0.5757089095719686,0,28,20.771381552494343,0.0351459436655777,32.23686146873494,0.0275454776267369,1.6155,11815815787.7577,139153052089.66476,4066240136.219723,19913790881.858105,105539892976.55844,35975133838.4204,0.0038038480679740212
29.0,0.3884652589153783,5.761551369696385,0.0724901639368959,75.39055978856791,6.003881573739864,0.6054063818562593,0,29,17.965167649818287,0.1072442975229342,37.64030944065095,0.0831818508953886,1.6155,13417065125.253975,158801406143.10187,4765017586.175918,22730781465.452408,120477615083.70618,40806170490.90844,0.0036235085966082
30.0,0.3730023335479731,5.587838820781156,0.0936580071872865,72.86019090738313,5.945315736617125,0.5968530665230161,0,30,17.271933434681543,0.1140268747441447,35.87160845477912,0.1743470117398238,1.6155,9820626560.404146,116180819428.82535,3481849627.463702,16629874448.741013,88141713613.17953,29903832285.525967,0.0036274596965917
31.0,0.4063997911319407,5.948791547681481,0.0852796108954386,78.11518826475722,5.967404940151542,0.5841522418079041,0,31,16.388081894366465,0.1479324711731916,41.767163367309806,0.2020591265331671,1.6155,12071608142.937685,139994448607.266,4244201288.6415787,20015607774.593025,106056267586.62527,36800617317.357056,0.0030257293541499
32.0,0.420575194134448,6.074130763100432,0.0779023256988484,79.9407090704911,5.9145316498941645,0.5793958476423507,0,32,18.197924151790705,0.029976627729189798,42.34027078422816,0.0478443703312395,1.6155,11579627507.778307,131901585127.453,3999841453.756807,18839160643.521107,99796637134.25333,35369748764.82081,0.003279448904143667
33.0,0.4044066998660676,5.861412196390831,0.0695422887923197,76.84283525122281,5.932873424591141,0.7389568505053898,0,33,18.604329543960507,0.0370638628973631,39.4238886248473,0.0210949810988978,1.6155,13497680552.764765,156858818685.1819,4657844691.562695,22430433986.094746,118855181247.3529,41124834772.39815,0.0037751310952397
34.0,0.4128585522432642,5.987546277968173,0.0830266605779527,78.67931748309265,5.912348114476581,0.5745868156869328,0,34,18.094362630043815,0.013182898654944299,41.4541934063518,0.0184726816655399,1.6155,10171036300.485811,114629385547.53848,3529716493.776389,16362252518.559727,86663104268.15611,31103459478.36132,0.002822460124211976
35.0,0.3822566223893691,5.701146890567388,0.0761689043997227,74.50643878277133,5.9179334884592345,0.5790948747962695,0,35,20.09528168536776,0.0253549202404681,35.74644506717941,0.0281429569551633,1.6155,2629558985.0373664,15752514420.125225,1119310556.9700937,2127887961.8784695,11116578693.356586,8473801222.223983,0.00020934711743787006
36.0,0.3472396354335004,5.331247795044999,0.0815167029918266,69.12203457676645,5.9283036339601525,0.5795723779026009,0,36,21.196808339733533,0.0282301091406663,29.5451574163996,0.0303697876300309,1.6155,2150052811.252421,12919998110.905125,961595141.4076024,1745370348.0669794,9119212144.190628,6952731482.866109,0.00010473790693042064
37.0,0.3016027594144556,4.841480077974824,0.0765800207107962,61.993805006377684,5.9111938540392215,0.7179046552872923,0,37,23.294105785223987,0.0142674976288511,20.79788962857273,0.0191994506795557,1.6155,1505738164.2174742,7708521541.466894,702548331.8664383,1019454075.7307584,5297527231.066561,4940341455.979741,7.63420602838481e-05
38.0,0.2811429660514424,4.619321937772943,0.0742564678213684,58.7574868419278,5.908882019472925,0.7193064333724135,0,38,25.02425838012529,0.0120982592376569,16.076161269465096,0.0172883375791078,1.6155,1343238863.1057587,5651823086.386392,637070595.4047596,724030270.3817863,3730298335.096774,4450926419.636505,7.60706274904616e-05
39.0,0.2427324173107227,4.268638306776587,0.0805354389046985,53.653994228392165,5.920731689159264,0.5734631744402131,0,39,26.21945967294179,0.0285857753578252,9.241962220453114,0.027982869934174,1.6155,1302018814.3245697,6598577315.3136425,634582902.262265,871291795.4274098,4526235834.566995,4288843582.6122093,6.0729098951626014e-05
40.0,0.2461936751443961,4.286341328227398,0.0685415054676523,53.91161557636868,5.928419668442414,0.5906258829186455,0,40,27.736176783671155,0.0383264702442728,8.096527875123074,0.0615060848661161,1.6155,2751085512.7446427,25243520550.31132,1132603725.3162649,3552416264.373856,18752324134.067783,8646106234.293036,0.0002811040168403
41.0,0.2312956715392861,4.133958988134631,0.0794788661385399,51.69335252327032,5.911877171861297,0.5859203751160175,0,41,27.586759203915555,0.006595422365565,6.170263732972046,0.0343891583352616,1.6155,1663629274.9573848,9774898726.9774,759269353.9387909,1316725617.5414243,6875033029.4158945,5416293534.654942,0.0001140414791852498
42.0,0.2348459682189047,4.17242768000437,0.0786778844080637,52.24985270135937,5.9185125798853395,0.5783710601363726,0,42,27.469020233337986,0.0353291261607349,6.797478233559877,0.0405974621757449,1.6155,1829984316.2061377,11969561461.111238,820440261.7734439,1632707873.5662444,8552189504.2110815,5914405757.352748,0.00010843220229445316
43.0,0.2381752986695318,4.213762765161988,0.0837132939173053,52.84688175663265,5.932044580243232,0.5819188023428025,0,43,26.271417452543794,0.0165946309724097,8.45648961309508,0.0459395610945716,1.6155,2052443815.2869132,15506612003.37142,928933003.930961,2146228768.5579605,11283639870.043377,6563798213.614532,0.00015891544707537992
44.0,0.2825186927162701,4.706256997598207,0.096812401529893,60.02401293539248,6.173637375985937,0.6061414456109535,0,44,19.79244588453525,0.1746803843288043,21.23291409826859,0.1342231731873615,1.6155,2852679009.0931926,26770671784.733036,1381928067.5292716,3771821084.153884,19918573204.03435,8937018245.593761,0.000334535686241
45.0,0.3078060379432042,5.070134930685168,0.1054032046194025,65.32423021770248,5.983195782013745,0.5805077687728706,0,45,14.275959802122127,1.9827111434476248,30.43250653294369,0.1632581919328765,1.6155,1965524552.9389536,12669672755.495495,932314681.8371019,1725148279.6737216,9032701444.998083,6342223249.244622,0.0002407211910451
46.0,0.3073636807733748,5.110077124753786,0.1120038127017257,65.90357540359553,5.935759726093773,0.5760771142859172,0,46,13.554922877463868,2.3793482258779384,31.239565372497367,0.0916890221222296,1.6155,1665701872.8791547,9277794542.900105,787056175.4763577,1241227736.134893,6469513573.408226,5431124498.065083,9.735036694915332e-05
47.0,0.309555030540912,5.130845924671684,0.1157746944593879,66.20721086646792,5.9323501708096495,0.5788956725781581,0,47,13.215006058105345,2.2348424045355912,31.925171674166045,0.0745752505843085,1.6155,1881823485.4759126,12063767200.620884,866744986.0934578,1641902680.9688873,8595640485.36785,6080252766.283437,0.0001105985000308386
48.0,0.3079198990985659,5.153592115428344,0.1078696481856002,66.53685737364849,5.9256943296223366,0.5766839285485036,0,48,12.717411178490973,2.7387859216818913,32.25083635293159,0.0442615702246937,1.6155,1667812980.9508915,9575330146.273787,779240139.582643,1286238906.9123237,6711136412.632729,5429083570.338493,8.606121490784634e-05
49.0,0.3048499279203415,5.106849376503463,0.1082710356315963,65.85645698885902,5.936518485466705,0.5826512966454114,0,49,13.144939564630384,2.5149619320010337,31.332815470637122,0.053645666349036,1.6155,2257325258.788715,17592012424.454483,1000219545.5174648,2442192690.261838,12848963639.880371,7189791996.243781,0.00016780175246177938
50.0,0.30165573417437,5.043008134738498,0.106310779928578,64.92573550976049,5.964779019420694,0.5907355945354816,0,50,14.205692332684835,2.0789442848466875,29.764250948828963,0.06516227461776859,1.6155,2798265447.629188,25136905376.645504,1227251121.7485354,3531149081.0370827,18632634012.13908,8800303849.958937,0.00022684883411401677
51.0,0.5265201506141288,8.020973628902844,0.0744153132994031,96.76232388997269,5.898839638792192,4.15550551760277e-05,0,51,20.403330111612203,,56.675314959774035,,1.6155,1659926715.092169,1852776458.7804556,788246807.7572606,117280773.4025411,432843848.24228895,5610252104.810619,2.130810310663216e-06
52.0,0.4746297136664607,7.029290284225499,0.0783061971396472,89.41088455636554,5.899648135760898,2.5019422316044605e-05,0,52,20.132206709007384,,49.33082358123737,0.0082216692115163,1.6155,1529431376.8581386,2319344628.7712393,728882086.9922085,200770722.36736542,896892902.4943984,5162826831.437782,5.382179631809345e-06
53.0,0.5310557314787158,8.066139516377781,0.0725210341005773,97.49136792111909,5.899658181148856,5.51978682460776e-05,0,53,20.352973632519998,,57.36471613044421,0.0106355246799171,1.6155,1725907813.5195625,2713933281.9977283,809519098.0656085,241226317.49767455,1090622795.820072,5808234354.656392,5.872477834738166e-06
54.0,0.4743035556919798,7.028569265437546,0.0780944047344425,89.36215457287213,5.899566379693341,1.473311421128208e-05,0,54,20.18323250144329,,49.248987723603335,,1.6155,1520270323.8267682,2191899675.67376,725948868.8392067,182368497.11624536,799152856.5367275,5135531653.609562,4.930934955733751e-06
55.0,0.5277449595967716,8.007626901059309,0.0736788405409635,97.01764814671775,5.898473233385023,4.134278090390732e-06,0,55,20.282380990781185,,56.977657941208584,,1.6155,1621083594.499123,1478252077.5378916,774515872.4940743,64374331.97479859,153337969.88765755,5490237313.708201,5.265686738825261e-07
56.0,0.4744029531417387,7.029439134205693,0.0781810531818372,89.3723646670256,5.899583931778366,2.828662154984277e-05,0,56,20.172196475721623,,49.26493709594162,0.0046029533147024,1.6155,1528504571.084272,2300993487.688008,728640164.2451061,198082220.49527448,882562856.2560283,5160205544.186783,5.218860982943808e-06
57.0,0.5287725711684484,8.02586933734652,0.0733592413079767,97.16813673683795,5.898827012176205,1.2449683292739053e-05,0,57,20.301873452555643,,57.10662599335956,,1.6155,1650571104.245035,1822253574.0535455,784362357.3561358,113578372.90001139,414071728.0339339,5579779458.870354,2.07959502810563e-06
58.0,0.474312217273304,7.027906314237868,0.0781220850096387,89.3619149557075,5.899496236613694,2.6412431033555203e-05,0,58,20.17703775636112,,49.25097652125076,0.0025498981951118,1.6155,1526698607.0365999,2278646367.5368752,728022642.5857364,194874969.7167984,865553132.2011021,5154759646.826121,5.054739031598491e-06
59.0,0.5287110533299141,8.024935846808473,0.0734770783159463,97.15883720064862,5.898866229967968,2.580002834327324e-05,0,59,20.2893153053179,,57.109861453600445,,1.6155,1655651235.07411,1892262329.6315222,786038756.4256938,123681811.18158488,467727351.70836025,5594941926.050102,2.3203265995362727e-06
60.0,0.474384174803652,7.028906748367343,0.0781414198617511,89.36720865414672,5.899541122893782,3.065523232448913e-05,0,60,20.177912778774708,,49.25230724991373,0.0066513509742229,1.6155,1529598866.8247027,2314850619.911576,728971084.756872,200073612.61919886,893127161.4153531,5163503830.040629,5.180413642144762e-06
61.0,0.4618781840605279,6.592758374374098,0.0514555133279943,87.49053389355137,5.904284585608058,0.0655720685125855,0,61,23.495237339332153,0.0090627712207616,44.07456816360298,0.0237825172826637,1.6155,1464488296.5370321,1248595308.1477168,709291952.1721895,45193966.08973434,69263327.68583111,4969940238.289814,7.175808939891201e-06
62.0,0.4264649557290349,6.159055172694744,0.0539099171934372,81.17511823465813,6.03066025819101,0.5906818037647452,0,62,17.118855340133205,0.495718440540087,42.495987391141185,1.4090767586928707,1.6155,1438787569.331399,1238146812.8066742,1047517708.5744154,43480578.642096356,63726952.810381964,4863021707.14935,0.0003649202807837
63.0,0.4615738820731726,6.609194310328479,0.0463310015033963,87.72977149860924,5.944913228267332,0.1047454337554712,0,63,23.084251861926866,0.0495194528989547,44.42507595682212,0.031746979523668,1.6155,1471933667.6874366,1245630017.7753139,771093511.6690624,43606804.55567207,60005821.58171206,4990221927.748488,0.00010156608233008642
64.0,0.4345924989573714,6.2601073105870455,0.0549448359308949,82.64662868394983,6.017358684192653,0.493778360555488,0,64,18.046263743398022,0.4382582183780609,43.13923107416631,1.2186728411163554,1.6155,1444743682.2043455,1236187007.1439147,990638045.002336,43007716.81835747,60316654.91830427,4887127431.8592,0.0003168592556206
65.0,0.460967271356855,6.600681908457471,0.0458189461000913,87.60524311518014,5.9500566644093595,0.1190259041566668,0,65,23.018012008046725,0.0542424478653677,44.38599790713518,0.0400030746744657,1.6155,1475825476.3633018,1251458847.144805,784974285.1748906,44001708.58855811,61666979.13475844,5002537415.434386,0.00011236716707639977
66.0,0.4364705932817082,6.281692258800153,0.0551022783905673,82.96123116172268,6.016166967015485,0.4638654842601598,0,66,18.445875663275803,0.3666739611132567,43.10439537573324,1.1737579908938,1.6155,1429256510.9980333,1222494728.3384366,942982918.9708719,42851369.62754793,61362915.06688394,4836648073.562635,0.0003049838402282
67.0,0.4607212016791348,6.598288980135215,0.0458688083465981,87.5704427944359,5.94790295255914,0.1252215063537993,0,67,22.96899143761561,0.0654227167354221,44.37337407552691,0.0528134003224024,1.6155,1475286470.1555185,1252557552.1987834,796540623.8397118,44101634.398203015,62249576.065411076,5000556293.061795,0.00010896243273318543
68.0,0.4358348620855163,6.27521401545098,0.0553352905343254,82.86672390868048,6.014773345230751,0.4660722998173373,0,68,18.458012937643105,0.3471471329962534,43.019647800281255,1.1635287159765535,1.6155,1425363207.8375385,1218022841.9827032,950857247.2921007,42496131.48241621,59958250.239945576,4823076735.597245,0.0003081894988426
69.0,0.4603923296398559,6.595153342551247,0.0461313921646397,87.5254376189919,5.948183155953181,0.1261089747213065,0,69,22.925920707037314,0.06576239627048991,44.37530835330952,0.0493087615073457,1.6155,1474912243.9487138,1252026010.7141142,790536556.85049,44125430.851312265,62441257.51949401,4999216129.233065,0.0001119057990528108
70.0,0.4372317010473804,6.292193964844722,0.0547847671338967,83.11374765008786,6.010680611149645,0.4464537176829269,0,70,18.760719584375458,0.3227402519067295,43.031441749058644,1.1085246174632584,1.6155,1430459343.415689,1219029363.0278268,925595548.2391658,42469213.08167604,59292264.36121223,4839718278.457505,0.00029381116066140003
71.0,0.4732717785524891,6.670234399811039,0.0513022929260532,88.61855568714039,5.906789938232477,0.0627681892077579,0,71,22.85749879340295,0.0071103880254124,45.47087550544033,,1.6155,13460522399.371414,160107100297.81418,4554183598.280944,22925776455.479927,121518934205.78831,40932193024.97807,0.004394449889948588
72.0,0.4356613185376078,6.300917424162791,0.0534285832609489,83.24118508227293,6.049496587033927,0.5280306562839651,0,72,17.390174608867028,0.5548238590769906,45.2962553317259,,1.6155,21422715832.846344,265155065508.55292,7455252321.400306,38050265805.361786,201795909132.33975,64792709719.07326,0.0052855684610858
73.0,0.4704595494609546,6.65671184721952,0.0481882141848584,88.42172196492511,5.956067945548574,0.1133833772410757,0,73,22.273996094431215,0.0444142287392196,45.716471512096,,1.6155,13994394972.61507,166977194262.8359,4778437665.604566,23913523408.89195,126760229576.88582,42532232751.63485,0.0038380930173437
74.0,0.4449223222136329,6.397416270305786,0.0552730030889308,84.64635616671916,6.02930276448389,0.4155839962766255,0,74,18.486174363233957,0.4499834841226876,45.529928211021975,,1.6155,20519138599.02555,253429190009.6228,7066302432.603798,36364066207.22401,192847972742.12,62080593421.79819,0.0051935407994508995
75.0,0.4648055541846837,6.594993773437595,0.0454940649807547,87.52272614667423,5.9726476173769365,0.1904656561593406,0,75,21.744889057085306,0.07555925139370359,45.47422443156438,,1.6155,13732242806.62154,163341323738.25986,4754579168.914091,23388105506.83787,123969738503.31117,41748153625.056015,0.0034986789764129
76.0,0.4455980526653483,6.395680686118072,0.0549514526717644,84.62095523814084,6.032988571299572,0.4167758336608759,0,76,18.588906317142058,0.3626911415146923,45.5154379909459,,1.6155,20968569588.98398,259351125610.9368,7182442921.3398285,37217128501.122635,197375854534.72906,63427989578.101036,0.0053126614956017
77.0,0.4622671056680313,6.565784532898647,0.0456241901060387,87.0976603542309,5.973384784248741,0.2228174972132819,0,77,21.407674444955394,0.0834879907813849,45.40313096783564,,1.6155,14317949836.314522,171066141027.3967,4942366882.573182,24500592218.455833,129874626050.60034,43502661038.65383,0.0035964255112781
78.0,0.4472055676135595,6.412693681409084,0.0555866021741216,84.86879009053202,6.037060071619202,0.4035396134149567,0,78,18.69399602224319,0.3285816778540665,45.696101381028384,,1.6155,20106997076.656536,247809623591.21304,6888511310.505841,35553992115.40144,188546724774.70105,60848987510.56738,0.0049086705521911005
79.0,0.4600650739435118,6.538755561435448,0.0453766128113484,86.70413428327477,5.984928781026212,0.2492797927048191,0,79,21.133536819184933,0.0888711793983775,45.383492834397586,,1.6155,14031450545.799866,167218571364.3816,4854014117.707408,23946008896.95776,126930411191.10794,42644816319.07915,0.0033773401115577
80.0,0.4467668306627754,6.410894166575682,0.0558442247263013,84.84257961885717,6.024768403566333,0.3879842912645957,0,80,18.941627330890128,0.2875543435693698,45.38879992899668,,1.6155,19535884658.151527,240527509063.5,6683991668.250885,34507450060.88225,182994453260.83524,59129260482.56008,0.0048353037897342
81.0,0.2133797045176663,4.11940891516728,0.0720092422374986,48.06349748984985,5.898398423425249,0.5702150264195077,0,81,31.238051597740395,,,,1.6155,943257712.0325538,831100374.2755464,493467338.85213643,32951793.080430146,66117554.50489638,3246013219.1901703,1.2196365701540114e-07
82.0,0.1886410132495461,4.201928488602991,0.0907367183878416,44.0194718081856,5.898387028674744,0.9639521867528136,0,82,27.6163926586161,,,,1.6155,878305303.8542118,762075668.0397017,466467120.8416231,28879576.80878451,52048145.74327367,3031112858.3025975,7.41870922211067e-08
83.0,0.2036349132749569,4.105513498896608,0.0687195039554801,46.290052251828406,5.89866841909589,0.9635821996901922,0,83,29.809006082017294,,,0.0006874053401419,1.6155,934763711.5836768,996904738.6373763,489200074.05091774,58893194.10988025,206478261.14194274,3213469979.740585,8.205866910302447e-07
84.0,0.1892570209148259,4.175962330374655,0.0895181750092117,44.11807665926617,5.898394785554304,0.9639386872111192,0,84,27.706574052746866,,,,1.6155,884962550.4105841,774541950.0421116,469206690.76265204,30113418.295525264,57875225.45182565,3053001327.800897,1.0129632371422654e-07
85.0,0.2036233465216526,4.106279557670697,0.0687366906308112,46.287986091140205,5.898408408291407,0.9639330838725176,0,85,29.809754491535198,,,,1.6155,921274721.4085915,817033422.7900658,484353941.42634064,32980612.623915534,68921604.89308883,3173065541.1714787,1.4681378682849367e-07
86.0,0.1892581794616809,4.176020479508905,0.0895205551760504,44.118202380258104,5.898387139478899,0.9639545616671604,0,86,27.7067436600041,,,,1.6155,884520074.411927,768842490.922482,469047329.9823023,29293826.448324114,53526347.33369967,3051671213.984266,7.899292349189882e-08
87.0,0.2036091716489548,4.106022969167338,0.0687555268037861,46.286044454905436,5.8984062233031,0.9639251895678738,0,87,29.8076793391409,,,,1.6155,920637135.4981619,811881025.1878756,484115573.5395101,32262970.651161533,65143715.15540651,3171069267.5865493,1.297315947456649e-07
88.0,0.1892518788808639,4.175966187286906,0.0895171407400175,44.11734062141329,5.8984105352798135,0.9639228514985648,0,88,27.705821276738554,,,,1.6155,885735907.0906758,784378871.0644361,469486190.62324065,31527044.47168064,65374949.74974739,3055330400.4886317,1.3748173602732394e-07
89.0,0.2036150270070578,4.106140895577128,0.0687590835233491,46.28681629519083,5.898384924887688,0.9639548836841338,0,89,29.8085365433392,,,,1.6155,919518043.5445777,797383875.884314,483712488.01909554,30177613.34428971,54077645.723656595,3167706177.183419,7.605711169587241e-08
90.0,0.1892639450052348,4.176059010429786,0.0895196831768092,44.11902949972984,5.898375294255414,0.9639649176210004,0,90,27.7075877156627,,,,1.6155,883980109.7768523,761711160.4220799,468853400.7072413,28266978.716299444,48075986.27911644,3050051882.337323,5.234084549264888e-08
91.0,0.4955740614631264,7.085008104473599,0.1561112495614454,92.09080886315195,5.908301663216882,0.5702074107623075,0,91,,,70.89513921212031,,1.6155,28674862080.89188,359683256514.2472,9444151755.516481,51657124802.70291,274006531150.76245,86587048863.23883,0.009206431092601
92.0,0.4883113439953589,6.884824564671829,0.1059846704897481,91.18475971307355,5.9122375424956095,0.9998743597733484,0,92,,,69.28590142042843,0.0126097035720016,1.6155,37220483984.584206,473418858093.4804,12181578726.793709,68042945639.259094,360987732527.7948,112188464111.04005,0.012103080723456604
93.0,0.4782997870695002,6.875076092760123,0.147669198040033,89.12654581352072,5.927255241076,0.8403349070876883,0,93,,,68.41952593992148,0.1991066340708655,1.6155,21818225765.290577,269030793585.61276,7321972812.959735,38600645017.40988,204704239319.35748,66027233483.7411,0.00664200318093
94.0,0.4884794263087158,6.889051980881592,0.1065143693262016,91.22662101492519,5.912255229551398,0.9908793680913844,0,94,,,69.32013000229094,0.0132136776550894,1.6155,37037286736.42099,470994849546.0103,12123418736.076773,67693819518.365395,359134593531.0665,111639245832.24551,0.012041560290062295
95.0,0.4786924136395311,6.876955439795109,0.1470030006583924,89.17954902146865,5.927943510246766,0.8459003421025678,0,95,,,68.48558607946329,0.1973582601090149,1.6155,21724992243.94858,267782048116.56842,7288611048.396464,38420728544.346634,203749131112.0014,65747981890.86198,0.006620954507931
96.0,0.4885306271740657,6.889224800356657,0.1064289485078139,91.23297502431792,5.912191298720325,0.9914019287318632,0,96,,,69.32692572190085,0.0124248823521196,1.6155,37075916280.86659,471504360036.5071,12135597890.90374,67767191723.67522,359524032403.2192,111755115560.97145,0.012055733640922595
97.0,0.4781744056083043,6.873355820816797,0.1475291075729395,89.09742797385772,5.9276287624995785,0.8475219028862659,0,97,,,68.40996704781821,0.2098949983295097,1.6155,21357636183.57474,262907950455.94672,7175619897.84707,37718582236.98277,200022044550.77,64646978417.26483,0.0064664758767426994
98.0,0.4884710636511486,6.888359329862671,0.1063614709960594,91.22344594678874,5.912072239535677,0.992132813983004,0,98,,,69.31800314198368,0.0114276701401834,1.6155,37108120417.28027,471931819076.8213,12145598399.900045,67828769723.642845,359850897055.6493,111851636680.5232,0.012068513540191186
99.0,0.4793272339106036,6.882621896782708,0.146750588984393,89.27152096404643,5.927694155790071,0.8453741001613473,0,99,,,68.58112243264914,0.1931893585102018,1.6155,21818843955.921356,269010207980.64145,7315933392.5403595,38597537942.08081,204687491356.7956,66029820312.90753,0.006652909675674
100.0,0.4883280191721572,6.887533135436748,0.1065778414949918,91.20113697063974,5.912336356536949,0.991390294161536,0,100,,,69.29805726897719,0.0146353906125856,1.6155,36998522030.98621,470479866555.72644,12111774324.89527,67619626387.932655,358740761724.64294,111523065972.87839,0.01202613132444057
101.0,0.4139533660105947,6.444772171311096,0.1385252360572654,83.3244536097732,5.905235889766189,0.5701663596817853,0,101,,5.159565569517063,59.36686875912873,,1.6155,16950847548.719528,203283677317.87943,5696124459.180288,29122014777.125553,154379475277.24667,51472691150.76219,0.005008657927176245
102.0,0.4869304123785448,6.873111407630773,0.1062512644992418,91.00221008499882,5.9122375590845815,0.9998931214760822,0,102,,0.0363592963121329,69.08671637911132,0.015349202320014,1.6155,37086537551.46476,471662025298.79004,12139182534.415197,67790026793.45921,359645406825.587,111786468069.3733,0.01205411021285826
103.0,0.4079794628093968,6.324494954975847,0.129500789544417,81.71471564124506,5.922235600232434,0.8366013301780748,0,103,,4.767948250954619,58.43212713674117,0.1396850207322559,1.6155,17195714921.796333,206343884018.22476,5824539531.423408,29561014157.169094,156707934516.44568,52209420324.52362,0.0048662899591486
104.0,0.4884424467832882,6.891038000648102,0.1067702103022866,91.24586018076617,5.912382159785746,0.9844297199443816,0,104,,0.0261214976014193,69.31477838203062,0.0150445632607365,1.6155,36985666123.88369,470271125544.0463,12107878156.452131,67589278199.72532,358579308160.81805,111485480842.20229,0.012020589662464262
105.0,0.4078628799372196,6.32203203030446,0.1290377105047979,81.70727640279493,5.921545232814131,0.841205357750857,0,105,,4.768815130691058,58.43127109138689,0.13620846949458149,1.6155,16966455854.610104,203306704444.0106,5751715923.428223,29123541029.465973,154385810598.7053,51522319593.88767,0.0047875247238508
106.0,0.4819276176733407,6.842464482035553,0.1118447368962488,90.29178797451111,5.9218287823526055,0.9729703237563592,0,106,,0.1438185414076526,68.41872885363647,0.0787001724966566,1.6155,34271635006.081493,434245155350.2188,11267218679.902744,62399481061.24732,331031096592.22125,103351261441.59077,0.0109726680406842
107.0,0.4058587949817318,6.299012651439426,0.1244352115141147,81.55614655603506,5.918048822019972,0.8824901006941632,0,107,,4.910834437251198,58.15885713328105,0.1151802817952991,1.6155,16957014988.256863,203207072286.44504,5740314730.232197,29109455238.648132,154311289130.48495,51493582443.62387,0.004826498366039719
108.0,0.4852545672855625,6.873963818348104,0.1114064617516803,90.78663902856597,5.919605430143292,0.9545513398631776,0,108,,0.1030504122005501,68.87765523777713,0.0609416964951821,1.6155,35182497074.299934,446312253055.6643,11550774271.20814,64137645632.176155,340257306185.8936,106081776657.72305,0.011331533556164201
109.0,0.4046302019863766,6.285850609726245,0.1223333145788014,81.45374301899588,5.916905568175278,0.898734249465448,0,109,,4.99569411250906,58.01308267506456,0.1006228464871525,1.6155,16957021789.98614,203203325780.98163,5735831336.524871,29108923270.701057,154308422987.95062,51493915973.500435,0.004842200744899666
110.0,0.4904830668329331,6.919697043820408,0.1095379123767627,91.56861691397023,5.912912443254425,0.9316807174434122,0,110,,0.0272625140406108,69.5889488317041,0.0160318108151754,1.6155,37349959953.128815,475059822457.641,12225485416.839876,68278734797.41655,362238599864.993,112578423847.13861,0.012146083174910867
111.0,0.4738065450070177,6.672899787523544,0.0511071323734823,88.6574749985018,5.908635331897885,0.0643516116285188,0,111,22.85517434423803,,45.47530376252177,0.0386770690086032,1.6155,13531747652.069416,161057914179.52908,4577781606.982503,23062791046.832355,122246302018.11424,41145132971.9315,0.0043661351406576
112.0,0.4499560145293915,6.311529472412355,0.0524480972801956,83.39571125035229,6.038637917161331,0.545156578842044,0,112,17.66245203384795,,44.07571011062314,1.538525746080622,1.6155,20725987067.937584,255983981714.62732,7257815307.408628,36729634243.89659,194786659593.11496,62699184927.64135,0.0048627220884305995
113.0,0.4729836227735125,6.680252610769719,0.0480968782868146,88.7644694764138,5.9450054016109775,0.0998790380351092,0,113,22.514007984076976,,45.76597037731164,0.0356516401061817,1.6155,14043603861.101847,167619358887.9562,4800791953.818518,24005852759.844482,127250169874.97333,42680354553.34539,0.003919184682012
114.0,0.4592443288635057,6.432718825627906,0.0545206482211066,85.16007689129026,6.011249403548115,0.437571029546025,0,114,18.602657310646933,,44.90738596766494,1.294461092860189,1.6155,20845863618.88122,257887449325.0571,7212412150.439886,37006839562.84055,196261074691.35373,63054007550.20981,0.0049714163610627
115.0,0.4698167684121783,6.647364821158221,0.0472522479510279,88.28428018080679,5.9536503791759365,0.1407677156991373,0,115,22.27909865457447,,45.542174454666885,0.06688007680625441,1.6155,13116644292.09889,155307315851.1186,4539666205.187069,22231959671.529274,117834036078.16766,39900701625.39615,0.0034089071661609002
116.0,0.4586188086040325,6.428601816470652,0.0545067425777832,85.10008199169052,6.008874069144143,0.4248740671050445,0,116,18.778398048542527,,44.73104731206884,1.27162127054275,1.6155,19949720657.62013,245957649831.794,6893947795.4680605,35288444126.68557,187139350209.7464,60369288639.337204,0.0047602533441558
117.0,0.4652982418436179,6.593371997516504,0.0448210076083086,87.49936996484489,5.970362338000046,0.208213279095892,0,117,21.736832417969598,,45.43561896856092,0.0515174519271351,1.6155,14059832042.107409,167575459544.14383,4866622097.702127,23997175417.520565,127201731765.20381,42731593151.561775,0.0033512675209383
118.0,0.4454911514016316,6.248682570600215,0.0503022419306361,82.47835412417488,6.032587482004088,0.6609843493335247,0,118,17.03899477750698,,43.70279017526191,1.7199253881649939,1.6155,20921439084.588303,258490852521.34186,7451198024.143445,37089035612.1854,196693651369.57526,63281668675.31815,0.0045913722840001
119.0,0.4755736031420827,6.7080548782663785,0.0526963736634585,89.16914246527033,5.943134387528014,0.0918149607436611,0,119,21.7044190068314,,46.72529107074323,0.031788128585601004,1.6155,16019622195.263897,194004510878.85107,5422065356.279873,27807885984.4396,147433404003.23102,48598291210.36847,0.0048118071700794
120.0,0.4603258036685742,6.42082178007331,0.0531094777420275,84.9868801293843,6.021339080158269,0.4775091735161017,0,120,18.286245411839516,,45.172140588933125,1.4103872710338652,1.6155,21734687845.773438,269226192761.60458,7511789913.6323595,38636614082.782036,204907703259.3672,65730352307.39165,0.0052921058683293
121.0,0.4623059354567385,6.338197729374011,0.02376297639409,83.6112909699982,5.956953853720681,1.0003202480562463,0,121,15.183129204720041,0.10442207120235619,47.52893397702059,0.2534198661325712,1.6155,85703703214.54128,1114846185511.52,27719171575.657677,160424831385.92606,851344227140.3706,257535645677.04245,0.0333926797423183
122.0,0.4651357298637222,6.450537432438491,0.0361653265396981,83.7862136573129,6.016308016218871,1.0004011829627355,0,122,13.026696236965773,0.3844962230546184,48.65530322679673,0.942234008946017,1.6155,78089837483.40349,1014811455606.1398,25271544657.382153,146022447155.1091,774904001087.7238,234689715303.4932,0.0268870851870584
123.0,0.4702135276753402,6.549075341340988,0.0335477321540493,84.66920405749838,5.995299665181031,1.0003458453411678,0,123,13.856625166672396,0.2639471511071922,49.793862974206654,0.6157575537659608,1.6155,74306159832.78053,964841477132.4797,24058661632.65745,138826153224.38098,736707467586.4364,223345365509.4917,0.0266615539183408
124.0,0.4671194552796566,6.416568505044035,0.0302237046138839,84.24277755357176,5.984698614846756,1.0002513127680503,0,124,13.051775821571875,0.2246127466751948,49.10525882790215,0.5230438762366962,1.6155,93542340225.38747,1219415725462.0686,30223337272.008724,175491925234.50522,931327478867.7509,281011808247.5166,0.0346222012230131
125.0,0.4679919758583886,6.553763880798299,0.0359344387156043,84.25738834019492,6.003766827015688,1.000392602289768,0,125,14.10789846281181,0.3332366166346767,49.221727745618,0.8097200065416509,1.6155,64839732165.01636,839553791573.4377,21024396564.78296,120781182884.80103,640925603047.4412,194966640550.83105,0.022124120395835
126.0,0.4796503404258372,6.504103755586989,0.029323830989778,86.19749707834421,5.96553086283962,1.0000614682884552,0,126,11.527980421591396,0.0772493037268019,52.39590642993221,0.1753897815223982,1.6155,112815405838.43626,1474130436614.5679,36403210776.76781,212175343565.05847,1126037866716.8127,338798703279.95654,0.044479748235987396
127.0,0.470978543677688,6.589394178649983,0.0360170177775442,84.64075954307235,6.0104232550428796,1.0003073718771036,0,127,14.15670555722954,0.3374547125651553,49.50101581702455,0.8659000206283083,1.6155,62740966423.97357,811775228974.9388,20351574866.647526,116780276823.40976,619688968809.2502,188675036257.1782,0.0215477935788808
128.0,0.4799677071522144,6.5069158551165645,0.0283584246908486,86.23933357318907,5.968796560884871,1.0000485551562743,0,128,11.673710639041044,0.0809810156633114,52.32162822464136,0.1816380394028908,1.6155,111296762363.1749,1454068661517.3381,35916247912.90494,209286157943.05557,1110702561483.5015,334245163894.4485,0.0440840107199966
129.0,0.4701336394489416,6.616516281713298,0.0405055745741961,84.41190232077811,6.022362533631059,1.000933044789051,0,129,14.175154696140348,0.3958621084975344,49.46115930638429,1.056595162683772,1.6155,53733281347.18955,692372474950.9781,17468775692.617153,99581508920.27379,528396952989.2372,161675987293.31622,0.017262786099572998
130.0,0.4773847176410765,6.481592799294078,0.0300030215101027,85.86912883682982,5.9704409215442364,1.000046304314091,0,130,11.47300653168094,0.0807642160291892,52.14072812895682,0.1756360313856622,1.6155,112827098948.31766,1474318376277.4277,36406755938.34204,212202658532.00342,1126183171754.4175,338832867477.77576,0.0444557844403671
131.0,0.4738452394152898,6.675257215484258,0.0510337290853032,88.6918632556769,5.909156353701371,0.0619603021670419,0,131,22.890526867038695,0.01204394489584,45.47209104373747,0.0353494608517227,1.6155,13224982134.315655,156974550997.18427,4480710856.143576,22474511468.834194,119123558423.94894,40226703310.821014,0.0042634472663089
132.0,0.4594852786345156,6.481424204767303,0.0570438043454351,85.87225957541239,5.999909735192367,0.289524933003592,0,132,19.58228531020702,0.3171412203113931,44.85398691205198,0.8193441131406592,1.6155,18956242735.892708,233519461110.5487,6425763015.734283,33503812886.277428,177673794067.22165,57374459649.9806,0.00498803244504
133.0,0.4636367637922736,6.5673281217395925,0.0437435105122047,87.12127279385606,5.999755681313317,0.2190032251852212,0,133,21.62079116762385,0.097411156073027,45.356130570469425,0.06165032096148,1.6155,13373876809.412151,158521658586.7615,4643754357.1155815,22693532370.685432,120282500880.51732,40673069536.3241,0.0033004232984607
134.0,0.4619662368781017,6.513527114259407,0.0578794962789204,86.33952963901173,5.975402481151755,0.2149619074296264,0,134,20.378656275355773,0.1543726347777845,44.759815896574594,0.6282866191614347,1.6155,17623087121.603508,216180121284.26437,5940864938.418352,31009081295.878986,164434642020.13068,53374898875.891235,0.0049701505435256
135.0,0.4728635985568704,6.677026850593586,0.047147734266137,88.71914143877521,5.945317717911703,0.0931184495897495,0,135,22.64712140838316,0.0570047407182627,45.69592293916623,0.0180148481791109,1.6155,13167650677.001846,156077163826.54813,4498879637.8255205,22344152504.208614,118430621912.35278,40052188693.05848,0.0038206437437796003
136.0,0.4524921728363067,6.38195666309585,0.0522871579099579,84.41973186684604,6.042839746570148,0.4384265843202639,0,136,18.266945989087038,0.4097014442391649,44.45609998635196,1.1887250356984829,1.6155,20572230829.805492,254490488672.47275,7099714776.102027,36519678168.12465,193677712924.94543,62226072518.9068,0.0050230576535219
137.0,0.4731350047695051,6.680915620851395,0.0479304237629297,88.77400565026703,5.9529565400189846,0.0831620231386961,0,137,22.64553580234392,0.0418340052611013,45.73509821531964,0.0156424702511445,1.6155,13124879161.975206,155527672201.98483,4471849615.490561,22265271882.54897,118012121858.61859,39923560847.7116,0.0038575555198963
138.0,0.4467321211328865,6.310541968700837,0.0535824192961885,83.38286145122959,6.059394461049654,0.5077718924212828,0,138,17.248386681800156,0.5161032830389172,44.42714623157667,1.3287430434288583,1.6155,20697451611.13967,255788977257.91632,7199595674.719994,36703525886.41395,194650117791.63492,62608005150.40461,0.0050316030397061
139.0,0.4729508731193801,6.678745321819826,0.0471901197187096,88.74315445486147,5.945692366730448,0.0820127626892993,0,139,22.838643316925726,0.0288156506884008,45.54139067641696,0.0086762800658976,1.6155,12614981348.11762,148724108672.13422,4297774905.542169,21285078791.242485,112808808745.69142,38396360315.86748,0.0035112276149115995
140.0,0.4566043010160969,6.435537686426079,0.0559030937214114,85.20367315403361,6.0137837685195406,0.3595732736847936,0,140,18.989654526632435,0.3939195367600997,44.49931620556942,1.0827804860306236,1.6155,20375723134.449078,252086942652.03644,6969469591.947766,36175495040.83205,191852647702.89996,61635466037.232956,0.0051405224641788
141.0,0.4349604367059857,6.160108739195209,0.0444157434924443,81.19207039560342,6.020945352506685,0.8592850903241266,0,141,17.622880884511392,0.4056541080957069,42.86556113172028,1.207130813454607,1.6155,14364275974.055899,171569630472.06567,5265627196.564349,24569254795.518856,130237493264.4521,43639387763.46066,0.0025042912084316
142.0,0.4133213538332929,6.158987961107555,0.0352889961497318,81.17680478164925,6.195045874577167,0.8083263292455146,0,142,16.687748010835946,0.027949233215912198,42.8289628771071,0.0017802524164895,1.6155,17464521635.3577,212996062561.66293,6740794983.721779,30534484443.538956,161904150409.24356,52901461119.977646,0.0023827488802514
143.0,0.4389561900769864,6.177956826106279,0.0437901795899599,81.45266894877773,6.019360574660218,0.8432092197443084,0,143,17.830113674607446,0.4349770682033592,43.05424416595066,1.2598252129963095,1.6155,15179830058.92057,182080257514.70233,5495293029.060698,26081647624.14209,138262986405.92853,46085781549.35699,0.0026403231337276
144.0,0.4153477839094726,6.174988757821162,0.0349426682599728,81.41009762736982,6.182149613204248,0.7969882869842443,0,144,16.904008903916868,0.033680468922772204,42.86772303872722,0.0039264440383851,1.6155,18957217946.937828,232592190656.54318,7220564949.48029,33356064122.726265,176879907072.37543,57373073061.57929,0.0024786568426557
145.0,0.4370631569539712,6.174975749424385,0.0437586856841539,81.40819119523664,6.013629325602877,0.8528044484834484,0,145,17.760585179656594,0.4111194588569664,42.9811239523249,1.237751995096109,1.6155,13224988496.139935,156420072463.99274,4895276071.803052,22386967049.42966,118653522197.68184,40222720011.051186,0.0024457277730204003
146.0,0.4143337783688035,6.158678852157172,0.035077710064249,81.17252683117435,6.170178238545941,0.8104068116800618,0,146,16.77015049537547,0.0349917984554012,42.79247226650014,0.0035552992819427,1.6155,18944541542.26034,232288567465.4493,7187462276.754434,33311612887.986393,176642726100.82626,57341020202.699265,0.0024611259014636
147.0,0.4363805878460474,6.158102808079028,0.0419434528022307,81.16358059295875,6.033451469204298,0.855804609022722,0,147,17.86546773089308,0.4329043676137224,42.7287364416178,1.2622747806223102,1.6155,14602750344.12591,174546991151.5343,5334051880.943477,24997078880.388638,132506993186.09692,44355937628.67798,0.0023720673924311
148.0,0.4165356358841366,6.179767243031629,0.0341263256887377,81.48055525647868,6.178190298400889,0.8030376912240254,0,148,17.02263831752548,0.038200946779176195,42.90506918267107,0.0057312317226949,1.6155,19937494695.75516,245340774366.71844,7537783423.13665,35190982156.807686,186617999148.37256,60310496621.74488,0.002422327203775
149.0,0.4340609979721559,6.140355653735219,0.0425982015581516,80.90415663884555,6.019935541597156,0.8650091306164323,0,149,17.830743914124984,0.4158117734476495,42.5121140358147,1.2205498746511467,1.6155,14143314036.308084,168603987572.60956,5169772210.352607,24142270749.88604,127970997266.72418,42974260301.15253,0.0024147967267482
150.0,0.4160281586720374,6.177375273686958,0.0345505440208295,81.44511139793354,6.20028066246737,0.8066582977640141,0,150,16.804523366874818,0.0303676590954018,43.01534029818622,0.0016859000343961,1.6155,19180334731.07303,235479976159.44894,7298026186.8267,33771378990.58626,179083653205.84482,58045641078.37736,0.0025409305695929
151.0,0.9999856556478712,13.096692044423644,0.0290126659383678,163.1753802336638,5.8984138590742505,0.8231139840820028,0,151,13.8644524482029,,59.62232220157201,,1.6155,1651535356.2527812,1455586991.303317,788095324.811226,57946405.93687772,115206807.2200843,5592536686.5051155,1.6654412643343205e-07
152.0,0.9999904476451744,13.096744494924607,0.0290129496614808,163.17608530667533,5.8984045874516635,0.8231505537713087,0,152,13.8644318146146,,59.62231452391721,,1.6155,1651223076.7231479,1451369894.1487725,787975136.69573,57338558.93798468,111979489.97060782,5591600482.214457,1.468884304383011e-07
153.0,1.0,13.096833998642731,0.0290127773335209,163.17747814310155,5.898414358027665,0.8231459698851146,0,153,13.8640733945475,,59.622553153254536,,1.6155,1652198291.587186,1464095012.1951628,788320549.617543,59169762.27979637,121697815.15930624,5594532240.185683,1.817829080177392e-07
154.0,0.9999838463536806,13.09668924307821,0.0290131646335135,163.17512844864584,5.8983843451210705,0.8231839820829161,0,154,13.8649598776983,,59.623060899540306,,1.6155,1649206840.6692066,1424865570.5099356,787279893.7511431,53522876.8909146,91727546.16519293,5585546575.458296,8.495058501212646e-08
155.0,0.9999827209944708,13.096680981833662,0.0290134664225662,163.17496901617807,5.898376571159988,0.8231977479012955,0,155,13.8650304834811,,59.623530138201204,,1.6155,1648733442.8111594,1418592517.0612798,787116422.9561641,52619402.14297725,86931814.95409882,5584126675.062235,6.75380431900968e-08
156.0,0.9999983907551284,13.096820974105936,0.0290125897744503,163.17724879129423,5.898409679109565,0.8231489140438633,0,156,13.8642978509892,,59.622079335473614,,1.6155,1651632487.9022286,1456741720.5356793,788122252.4460329,58111789.40499418,116083362.40181917,5592830923.628908,1.593504868504555e-07
157.0,0.9999821804385924,13.09667648861124,0.0290132644020768,163.1748832706188,5.89837453450417,0.8231995857404476,0,157,13.8651532976858,,59.6236744253508,,1.6155,1648392344.368598,1414131947.397338,786999740.235539,51977404.20670821,83524609.5466077,5583102062.993547,5.931418316860929e-08
158.0,0.9999912692108736,13.09675610896769,0.0290127413981555,163.17620993352105,5.898398330192181,0.8231668417185496,0,158,13.864566220453,,59.6222591978051,,1.6155,1650528199.1939967,1442211180.628275,787740904.6788423,56019800.91681165,104979877.90552095,5589515661.419479,1.2486188532830812e-07
159.0,0.9999809016278292,13.096662649441058,0.0290131974721941,163.17469777287656,5.898376400282153,0.8231968831053711,0,159,13.8651302016154,,59.62354294556869,,1.6155,1648621423.1876926,1417154716.3435593,787076786.2537198,52412685.915108666,85835000.39168514,5583788966.801405,6.698909329536339e-08
160.0,0.9999887522036726,13.096734247105504,0.0290128535354837,163.17584542727715,5.8983915311658155,0.8231763366909501,0,160,13.8647454092865,,59.622678656911006,,1.6155,1649965090.9378562,1434807726.9911628,787543674.9637167,54953982.15341695,99322961.32123283,5587824332.845728,1.0677595364394435e-07
161.0,0.749868757817765,8.396324460944276,0.0316447217797399,94.73748102457797,5.898488828946171,0.8230918827902722,0,161,13.682058255330686,,32.40624177167205,31.844947806730772,1.6155,1580294976.846794,1439072081.881818,757885294.2412853,62445243.51250516,147889904.1848786,5355231427.669091,4.407335398001967e-07
162.0,0.748515254966507,8.380410410847283,0.0322615269652521,94.50471883574262,5.898466585764617,0.8230917625086107,0,162,13.5770131680238,,32.250158771109874,31.876437779865423,1.6155,1579783809.8703372,1426015238.5377326,757731863.9657413,60518280.75877567,137600977.74467397,5353856667.297634,3.7911943493899794e-07
163.0,0.7499939492931557,8.397233198133696,0.0317069708486647,94.75256370697014,5.898662408057451,0.8229367056919944,0,163,13.66988680113072,,32.42705985361048,31.849250781613648,1.6155,1592663175.8725863,1599095885.7551556,762249932.7165494,85463479.25013728,270036042.6251758,5392426699.962337,1.0413217368417074e-06
164.0,0.748514247777716,8.38042317545993,0.0322586931959872,94.50435119613121,5.898424035735086,0.8231598442959442,0,164,13.578305599302,,32.24823245907014,31.876680995766428,1.6155,1576823165.1112757,1387506646.7976513,756688123.2196987,54977550.23051419,108197100.34719375,5344959413.958206,2.3403630386896552e-07
165.0,0.7499665918468592,8.396983203782378,0.0317072565848785,94.74805119339493,5.898564078324296,0.8230276794400962,0,165,13.669544359485869,,32.424450299478835,31.849261772690298,1.6155,1587336796.334755,1529648326.5787473,760361004.6008967,75469989.82607698,217000390.18941367,5376421914.279848,7.729935592268889e-07
166.0,0.7485322557599394,8.380500377962544,0.0322616730287997,94.50627877475029,5.898489618206005,0.8231035568765565,0,166,13.576484494990742,,32.251322490225,31.877364685538094,1.6155,1581667172.4111814,1450330459.1969657,758389942.114596,64015407.373307236,156157793.31709504,5359522523.955673,4.777383549558054e-07
167.0,0.7499504088145201,8.396836277981013,0.0317240804574513,94.74541077302601,5.898551935534546,0.8230324415777391,0,167,13.665317163215619,,32.42521023564008,31.849810832730604,1.6155,1584737715.338868,1496047821.3766,759455757.3507106,70636870.68961626,191353708.77596384,5368607539.145584,6.59916759996842e-07
168.0,0.7485954648155274,8.380982655899329,0.0322568273998483,94.51444425830577,5.898606559441877,0.8230174010409016,0,168,13.57858440581151,,32.256411614672515,31.87839696159167,1.6155,1589075080.994839,1546919862.325988,761016044.0172033,77914786.0266115,229922334.21405506,5381779046.640062,8.535737500518628e-07
169.0,0.7499375439708048,8.396754694231204,0.0317172147645202,94.74382917772603,5.898513513604177,0.8230821989737185,0,169,13.666956038862947,,32.42252458033802,31.84939253821952,1.6155,1582181622.623201,1462339150.6830516,758552735.0939499,65783339.42010796,165592227.51731914,5360935647.969947,5.323150871969792e-07
170.0,0.748526919278505,8.380523976742063,0.0322585789054719,94.50561366612683,5.898410133258165,0.823178148220604,0,170,13.578668131937,,32.248543412647194,31.877271784630597,1.6155,1575666031.6224234,1372367982.217527,756280085.1839612,52798677.22224432,96633249.56153695,5341484315.281877,1.7938596160783188e-07
171.0,0.9018023843708156,12.121929179535144,0.0441959713179128,148.95098530965905,5.898447044848674,0.5703640324260644,0,171,10.1798954866467,,121.84085820976934,,1.6155,2036764937.1607175,1812934075.4007337,945090816.8737894,74236753.84688497,155980667.99970675,6867395627.273176,1.0744929294770584e-06
172.0,0.9016551833006629,12.120440638875593,0.0442263464937271,148.92962315072765,5.898496208124008,0.5709248684606381,0,172,10.1768819686209,,121.82232199964704,,1.6155,2039914500.6880872,1865315127.5509515,946087120.130324,81859960.78588177,196545275.89314038,6876559635.548023,1.5750523080340844e-06
173.0,0.9018036267608373,12.121949013817822,0.0441979744068165,148.95137033803766,5.898458955730549,0.5706086441286845,0,173,10.1786113735848,,121.84232420443843,,1.6155,2037785992.353942,1828429887.0803833,945420992.7396433,76483145.36225332,167922634.81240746,6870403958.22245,1.2050333965001216e-06
174.0,0.9016561138459188,12.120442840952418,0.0442300504879071,148.92970405495217,5.898500445257135,0.5707398817750183,0,174,10.1769741004021,,121.82236609647664,,1.6155,2040301280.6101956,1870373370.779078,946220034.2252523,82587986.71480006,200409081.12886918,6877721630.564426,1.6364318547642345e-06
175.0,0.9017723435987408,12.12162588271029,0.0441928902175148,148.94702662869665,5.898510911613587,0.5707361356374655,0,175,10.177601856185,,121.8387539749784,,1.6155,2042180614.338639,1886634744.7016313,946910368.9449003,84866002.29750876,212419048.08850965,6883576417.553094,1.7926221086436728e-06
176.0,0.9016612243460832,12.120490425167445,0.0442296440215074,148.93041861622893,5.898498102267711,0.5707473924028748,0,176,10.1770432290303,,121.82304512741773,,1.6155,2040013944.1586447,1866531090.450787,946126569.2299088,82034326.00923218,197469922.91111892,6876861620.447032,1.5646647076750632e-06
177.0,0.9017732055984078,12.12162745718808,0.0441918108243184,148.9470875277112,5.898521254406962,0.5707314473276242,0,177,10.17800575561622,,121.83847626932058,,1.6155,2042761926.8000915,1894096715.7479982,947111365.0375246,85938921.57550724,218111899.63177094,6885325079.934527,1.8770334185790528e-06
178.0,0.901677290233694,12.120654988311056,0.0442334274282778,148.93264442011363,5.89847055630788,0.5706584249106245,0,178,10.1775243857138,,121.82491596117909,,1.6155,2037775494.1907978,1836990038.753626,945360549.6266253,77780546.91931157,174891715.5233429,6870149101.639248,1.3039209588517187e-06
179.0,0.901771774608463,12.121610511108525,0.0441901632907033,148.94694672899783,5.898529230783298,0.5708166730863028,0,179,10.178296349095056,,121.83797618385734,,1.6155,2043791765.4758217,1907866606.6500995,947458429.0427544,87923118.79591532,228645348.09621122,6888408866.467524,2.0024947798640605e-06
180.0,0.9016620134721242,12.12050654596675,0.0442310410291033,148.93062878847903,5.898491565916274,0.5707216769601672,0,180,10.1771201265097,,121.8230837552646,,1.6155,2039765596.607122,1863393283.1679082,946035477.990357,81583560.65165617,195078652.27660823,6876113302.284995,1.5355761384706363e-06
181.0,0.5123179261574186,8.354262218037032,0.0003255567578251,91.6863660072018,5.89854368286181,0.570127050212091,0,181,44.36530747272914,,30.636267058122232,,1.6155,892321143.2445996,854725792.2206049,471548247.18482566,41534637.486755885,118282126.52026671,3075413121.5888977,2.5969730870775204e-07
182.0,0.5132568688016452,8.360627168297178,0.000301374247247,91.8217306785968,5.898931725856201,0.570216699765583,0,182,44.35158316039846,,30.787449329887124,,1.6155,920101598.358656,982162973.4060788,482848127.43514556,58101820.11736551,203931567.39068025,3164878166.5430827,5.772484216450691e-07
183.0,0.5129372400774069,8.366505422579852,0.000307006894136,91.77449226569952,5.89861908724597,0.570152244699475,0,183,44.35438376916766,,30.737856180081998,,1.6155,909442031.3492645,879948388.9120737,478719464.0948866,43671654.61966331,127705123.62091823,3131892018.7043576,3.120208983598186e-07
184.0,0.5130042028516655,8.36360346177118,0.0003113597073657,91.78499458269114,5.8986788827689915,0.5701590799667609,0,184,44.359146803893395,,30.74289626417744,,1.6155,908630398.2888423,900091410.5102766,478291189.94988084,46801568.540653095,144611589.76576883,3128673067.616639,3.6914276490312527e-07
185.0,0.5131081485398745,8.36149985633588,0.0003067218817531,91.80001842826802,5.898698724410631,0.5701618260199556,0,185,44.35501910030561,,30.76224125742724,,1.6155,911236679.1283671,904025280.2408011,479381015.00925004,47141207.846767366,146123599.4114387,3137268449.07447,3.720309076339199e-07
186.0,0.5129866159425275,8.364123925428439,0.0003114302349923,91.78231808638272,5.898698640351863,0.570160359475314,0,186,44.358343392008834,,30.74112501332011,,1.6155,907993375.0264449,893964799.9280463,478051616.3615089,45936311.13850305,140040966.83913827,3126701666.5770717,3.543958451935575e-07
187.0,0.5133453304316534,8.36423512459836,0.0003065709838028,91.83453248624808,5.898550665698893,0.570124896759006,0,187,44.35206543611268,,30.79991753120569,,1.6155,909353442.7644929,849379218.4542841,478768807.9209412,39051720.320503324,102898246.07704428,3132355780.845303,2.2307714493174715e-07
188.0,0.5129790952194725,8.363024976919256,0.0003113182362783,91.78120900799048,5.898577569551876,0.5701424262981691,0,188,44.3577119148874,,30.74065548256747,,1.6155,905374731.6688876,862119757.3410395,477056768.81569713,41371686.32181962,115838511.4437436,3118768845.3679996,2.659633492669198e-07
189.0,0.5133397006144038,8.36398465462216,0.0003066156020018,91.83383198141505,5.89863901948129,0.5701689150182506,0,189,44.35502075698851,,30.79613802453332,,1.6155,912600565.923185,895773538.9631033,479954780.4416944,45757946.9421977,138528213.46689948,3142020987.11346,3.434798752563095e-07
190.0,0.513014113958922,8.362853346166947,0.0003113820955758,91.78644309472236,5.898682704794801,0.5701582250604932,0,190,44.35856168448125,,30.744932335452944,,1.6155,907545923.5782906,888567761.8142325,477882441.98890024,45163115.4181773,135941498.48223573,3125344339.604046,3.364345375458606e-07
191.0,0.5122682463174596,8.353323436447052,0.0003252877560796,91.67922202259959,5.898605417640398,0.5701527543395404,0,191,44.36655376398457,,30.62774780992129,,1.6155,891469725.7152652,852544393.2295245,471256147.7324177,41287488.19666322,117057638.96060272,3072634736.5834866,2.4714946880783815e-07
192.0,0.5132429129430411,8.360675726865129,0.0003012119877652,91.81942831702293,5.8985882198172135,0.5701321839397893,0,192,44.34762624509828,,30.789363155699707,,1.6155,909531866.1411016,848505530.9443796,478915668.07934237,38901381.1247548,102074280.93124896,3132987493.1313863,2.068248950465127e-07
193.0,0.5129350433416707,8.366313893693315,0.0003069464243755,91.77427720083311,5.898684190715654,0.570159039223989,0,193,44.355036070568836,,30.7368822841579,,1.6155,909445674.4469177,882019700.0914958,478742355.3244709,43984648.44897418,129385794.8389369,3131853400.2296147,2.902786658628815e-07
194.0,0.5129957731757241,8.363703433042428,0.0003113231243925,91.78371187115536,5.898635100096385,0.5701409133454259,0,194,44.35912102496076,,30.741687967673517,,1.6155,905327686.6095036,861115590.3236765,477096686.98930025,41223697.49701122,115049359.50166276,3118643123.543722,2.478272899847369e-07
195.0,0.5134818527438969,8.365415430284582,0.0003064333296887,91.8546609130068,5.898657792593957,0.5701497541101548,0,195,44.35502724023459,,30.816942121964875,,1.6155,912285442.8513047,876839363.0014516,479930367.75111854,42921405.87425629,123329601.32119954,3141447304.45576,2.739091274561771e-07
196.0,0.5129556222429362,8.363842006989556,0.0003113131596987,91.77770991175409,5.898560949130716,0.5701273383096316,0,196,44.357722950126046,,30.737208084653894,,1.6155,903683943.6097287,842474699.4486358,476455705.66309655,38562740.01855072,100955017.0041121,3113628697.006816,2.0000342384705266e-07
197.0,0.5133936703787639,8.364576065938838,0.0003064348796231,91.84171203569363,5.898601574128672,0.570131784501116,0,197,44.35482736599781,,30.804232402581864,,1.6155,910477578.9551159,861745718.3251245,479223913.4137064,40813524.36395473,112225776.27482098,3135798804.443569,2.3807470356555196e-07
198.0,0.5129790683818847,8.364545744397768,0.0003113231247406,91.7811772132407,5.898619477433252,0.5701418242214044,0,198,44.35873873343964,,30.73962473508508,,1.6155,904993847.4192138,855254366.7857004,476972270.9170302,40369088.66831178,110499563.49837239,3117675724.7212467,2.3337948673702293e-07
199.0,0.5132940538963646,8.363073900794461,0.0003065408945025,91.82747848539864,5.898878719086684,0.5701938887952203,0,199,44.35805163072294,,30.786424628969563,,1.6155,915467927.743548,940241020.7869669,481086713.8657774,52208802.061327055,172832518.62562722,3150473956.7578573,4.3496458421039e-07
200.0,0.5129630635827764,8.363577549833284,0.0003112878790383,91.7788338220687,5.898601100195696,0.5701444729353166,0,200,44.357368331464656,,30.738652089760958,,1.6155,904058127.0263329,846912538.6965646,476604648.6686989,39197876.895841904,104321259.63097945,3114764099.3302326,2.147355663263208e-07
201.0,0.420166118537256,8.1075979307453,0.0302187691094883,90.53488279151007,5.898367317341074,0.7659787711911777,0,201,1.7462450547391,12.2427243551183,59.76462318907011,,1.6155,1632454549.7475278,1383633296.2345095,780389379.972881,48924777.72120108,69034642.07538374,5530692690.087524,2.618304940903812e-08
202.0,0.4180182765341119,8.089106889935959,0.0290077151191655,90.26538045587388,5.898542952475033,0.822988320122465,0,202,1.5744576620404365,12.2881417939085,59.62197393246477,,1.6155,1653196395.8025327,1477087179.3235178,788791788.4692883,61038306.147122055,131614422.34080154,5597541562.614102,4.0207880701589926e-07
203.0,0.4191624478759578,8.098254101396098,0.0294988774253629,90.39748622142712,5.898410733888936,0.8231115562572296,0,203,1.5578616483361,12.251492066585,59.806072677949665,,1.6155,1643439372.0686176,1411265739.3471239,784836766.0043083,52030314.05264487,84387888.86988156,5566618701.320072,1.1719102410422772e-07
204.0,0.4180242611610467,8.089186178512117,0.029010385659945,90.26629749619084,5.898466917323877,0.8230686003865182,0,204,1.5747765927798,12.2881481631023,59.62253113043411,,1.6155,1651089568.5342615,1449369531.4383326,788017915.8010199,57048134.96176976,110436099.95628357,5591212640.745369,2.8043606114750554e-07
205.0,0.4191623765687515,8.098258566287122,0.0294991549333217,90.39747140036629,5.898394207452767,0.8231454817393622,0,205,1.5581738782741,12.2514686665893,59.80575000888301,,1.6155,1642880635.0942578,1403946074.4078677,784631625.2379223,50976823.275246084,78796650.11271559,5564939342.127996,8.38792047267022e-08
206.0,0.418017223487876,8.089109542367737,0.0290090435270657,90.26529191675823,5.898502207140769,0.8230346574314865,0,206,1.5745565931707,12.2881549166774,59.621720839003444,,1.6155,1652292762.1507127,1465227807.6414773,788463919.1932936,59331272.48069607,122554520.20393746,5594826970.958,3.3504732499821166e-07
207.0,0.4191535913768574,8.098137658125417,0.0294968436549227,90.39605152804373,5.898444843838448,0.8229979319819344,0,207,1.5571043872453,12.2514144059206,59.80553337816792,,1.6155,1645258941.1505165,1435327941.4124844,785502212.7956218,55495274.1476927,102779921.36797199,5572081460.618908,2.3639862143246853e-07
208.0,0.4180239811091391,8.089150231860888,0.0290087768338022,90.26611915810227,5.898574140779737,0.8230274905796824,0,208,1.5741827229951122,12.2880595466294,59.623084001586996,,1.6155,1653666127.5273676,1482882087.941898,788979994.715289,61869469.576081224,136022190.6351512,5598963141.919171,4.35645253329298e-07
209.0,0.4191604059743225,8.098219650361262,0.029497537821948,90.39711576832102,5.898439777829427,0.8230681884567955,0,209,1.5573618124119,12.2514480538882,59.80627358652844,,1.6155,1644472571.7317176,1424667804.2960522,785220496.1926323,53958207.481052555,94618634.78006071,5569727752.040203,1.830127494865683e-07
210.0,0.4180311509928561,8.089276355962943,0.0290117307780049,90.2673706096351,5.898436677363166,0.8231338835610256,0,210,1.5757849497993,12.2881538598042,59.62253142098983,,1.6155,1649558547.3942573,1429337669.1949532,787461827.668191,54165121.13290022,95135058.72151878,5586611287.376123,1.781650044884653e-07
211.0,0.6829754529657391,10.703541574860976,0.0020215526803732,128.72163998910992,5.902044311214924,0.5508382912370434,0,211,14.8552448506115,,85.09739390473571,0.0125000930502324,1.6155,2062264099.921674,3490786986.895473,952964041.6463597,325781291.56918216,1504503692.6215115,6911187675.012604,8.248676630201573e-06
212.0,0.6809345328191556,10.685781600349284,0.0020028185416436,128.45843965261827,5.900281414049684,0.5540290503775118,0,212,14.889139619892074,,84.77457146732087,0.0088702436465616,1.6155,2011271775.271964,2795085281.889901,934560945.6336275,225442907.16220045,971708419.8628823,6758733588.269853,4.777476114091569e-06
213.0,0.6829294338113115,10.704240583224417,0.0019935271767451,128.72188195146316,5.899278704755588,0.5536561932395357,0,213,14.921435676543625,,85.05524105458704,,1.6155,1959418641.6397266,2059839665.187648,915825972.3825134,119199401.52690323,407295356.07506627,6604388695.988886,1.8324992613550264e-06
214.0,0.6810092175967077,10.686616119640297,0.0020052324798901,128.47178424446824,5.900284077633886,0.5535275320362627,0,214,14.883663343684093,,84.78861493877923,0.009758164238187499,1.6155,2021854628.1507995,2941127867.856848,938280752.3018191,246518729.2352592,1083636329.3049195,6790358835.4753,5.510850440385799e-06
215.0,0.6832400174053233,10.706543598457907,0.0020011194104552,128.76327955279282,5.9010663101383445,0.5539351297007911,0,215,14.91800449225758,,85.0789515194439,0.010489600282877199,1.6155,2034400011.8523953,3047631325.3624597,943417807.1271732,261410663.7365129,1162114094.934717,6829504894.73141,6.085855152201109e-06
216.0,0.6810945064948485,10.6872135788991,0.0020066901414133,128.4828933565972,5.901225494255238,0.5537679340177346,0,216,14.885234884501687,,84.79470711732817,0.0115909678149552,1.6155,2043227659.9040713,3218711928.0101304,946327757.4510257,286451373.990121,1295550096.0145168,6854616161.464344,6.861650388648109e-06
217.0,0.6830020794062499,10.704872873725265,0.0019964420869559,128.73385437714353,5.899955629910892,0.5537339237915642,0,217,14.92275329066131,,85.06308534876311,,1.6155,1985651966.8203397,2402961777.6301656,925527467.646326,168579148.64295283,669365313.4854106,6683211811.454308,3.413174681091863e-06
218.0,0.680676807552827,10.683834031258469,0.0019984276663055,128.42480671228586,5.899377013674988,0.5535869203566897,0,218,14.886071236508444,,84.76066526528612,,1.6155,1957442984.2394154,2093151173.6943333,914910436.2582313,124436935.93651989,435663386.27161795,6596955474.48674,2.080222346400393e-06
219.0,0.6833537031754797,10.70704235558784,0.0020061176832871,128.77506883888458,5.902793081487468,0.553923188334932,0,219,14.91382969158429,,85.0881559649595,0.0151620845825084,1.6155,2074352472.382971,3574234960.8221207,958407469.8775487,337221738.79900223,1564497110.66111,6949463513.969717,8.741751663951406e-06
220.0,0.6812140831005368,10.68813394525557,0.0020070650006844,128.4983379101661,5.902251046503372,0.5553482881001577,0,220,14.884831495355929,,84.80115609556947,0.016282676771569,1.6155,2079542597.497047,3691216831.0638804,959752295.290243,354431950.3202733,1656314294.755452,6963804112.219218,8.532201710630906e-06
221.0,0.4740181281638478,6.676550683963359,0.0510282290912932,88.71291517610015,5.911519499903376,0.0621825699116492,0,221,22.872000813874212,0.014480766040789,45.51022493041021,0.0403645166457726,1.6155,13364818184.335274,158821246978.03696,4525164147.060014,22740460414.028027,120535165010.29672,40646109755.49029,0.004284066489622301
222.0,0.4601276437939646,6.491791176507783,0.0582368617038987,86.02337345226395,6.012587855986243,0.2648465183977552,0,222,19.71309023760299,0.2628147060423423,44.96452677826359,0.751346062564948,1.6155,17896923970.88062,219541176737.84293,6099584198.528594,31490543538.87115,166987603383.5972,54201286484.91874,0.0049522051702235
223.0,0.463265582161898,6.559100785620205,0.0430557151653412,87.0006143950666,5.988534857284685,0.2386837326502228,0,223,21.520610232617237,0.0986528173767662,45.336260990879175,0.0544299696514898,1.6155,14279817869.596706,170530685975.23187,4924633486.513239,24423467352.29525,129465191451.27518,43387061045.99095,0.0035575824960848
224.0,0.4630693947106738,6.541835502821908,0.0584384781301321,86.75160854659188,5.952667370691736,0.1716474256516139,0,224,20.822980900180607,0.1374888707416792,44.84055792315971,0.4448674554124833,1.6155,16863607823.729603,206326655994.63776,5689324332.369553,29591367762.442616,156911288705.95676,51094678280.199196,0.0048434482702205
225.0,0.4732372375160717,6.680882100886223,0.0472429113218791,88.77510418608556,5.944386531467733,0.0909674620970033,0,225,22.683720549918128,0.0555883151596751,45.69396028102273,0.0234313005018804,1.6155,13186961635.972136,156333660370.6699,4503234999.123109,22381113513.128643,118626812319.81255,40110039190.19459,0.003829798830043
226.0,0.4628205889098438,6.5365374520888,0.0571150471701697,86.67382240275278,5.965801023448146,0.2060156833098003,0,226,20.516908628731066,0.1857338520255712,44.98499342803112,0.5178275694645962,1.6155,16899437811.208265,206631474635.2393,5743775806.199247,29633659326.935787,157134155150.78363,51204567148.54031,0.0047830016441451
227.0,0.472711510857278,6.673552266045673,0.0483947782449078,88.66907933707765,5.9520420737705875,0.0947203075329606,0,227,22.526780551753596,0.0638329613483526,45.736347678970716,0.0259248247455234,1.6155,13850358520.136719,165108967962.6772,4714065973.966178,23645004976.69333,125335470995.19067,42098766367.46962,0.0039837040906176
228.0,0.4565970062252736,6.445927498643411,0.0565325529119906,85.35549153461632,6.009086914673609,0.3396734920931235,0,228,19.229140786344963,0.3418137402128291,44.58608945956255,0.953667182181456,1.6155,18805337418.95037,231308699545.34586,6455784021.625376,33183064101.987286,175969118182.66898,56926035162.29581,0.0047624116649405
229.0,0.4625983136070012,6.551349915709005,0.0440999315776472,86.88919207257206,6.004701758135908,0.2377449587354998,0,229,21.452319286801718,0.1052446047379834,45.357537003247394,0.0581718701836794,1.6155,13901117467.461891,165483732297.7754,4811266775.4536,23696165917.72544,125604289479.01404,42254042416.22503,0.0033945753825534
230.0,0.458762209298947,6.4654089846001135,0.0552713542407542,85.63563074139941,6.020375055526632,0.324172640816657,0,230,19.52104279365938,0.2752887822279053,44.572109875061074,0.9731610803118587,1.6155,18393216708.47017,225860148683.87778,6295638886.534799,32398632871.574005,171805500061.11987,55691052814.57073,0.0047182826125686
231.0,0.5397358995553456,8.67138837840489,0.0249314750895167,97.6577384439836,5.916110460483773,0.8475131643444024,0,231,17.64903928407148,0.0466852425825277,61.05700267985247,0.1351234618039283,1.6155,2261484079.8630724,10116214356.93684,1023400192.5142984,1309308711.3994834,6762962134.41259,7403934232.97333,4.1815567877165226e-05
232.0,0.5580737054515162,9.091959881703326,0.0306631838638665,104.72258649551843,6.303784879568456,0.7016073198929653,0,232,17.598960423129814,0.3472713180234924,61.7458103018033,0.9697989651983951,1.6155,10646387621.447515,119251710540.90237,4075008864.703989,17011126594.98879,90089792818.67963,32574739547.310448,0.00043161215809429997
233.0,0.5558434727934712,9.515988902099997,0.0455732033624977,109.82542256363575,6.179833017239201,0.5703215441308851,0,233,17.96985724135736,,63.40056113975286,,1.6155,1609951893.4116821,2159965295.74584,772379860.1646174,168635382.80865914,714721650.4447823,5435877197.374261,3.1951145600123976e-06
234.0,0.5528596755850974,8.868504000990521,0.0298498196725254,101.48009298904456,6.017449109037773,0.8132220600060801,0,234,18.19180829503596,0.1419300840860656,61.8312310387757,0.3817678870230769,1.6155,4526306753.865099,39322818984.87018,1789204034.0571756,5510079734.625646,29053380272.963768,14208795403.990576,0.00015100000202344173
235.0,0.5656312842774922,9.05949951804582,0.0413611337360766,104.02495032812276,5.936728944932411,0.5719193467740401,0,235,18.92366478416479,0.0146489233502389,63.78585945829789,0.0404630937420378,1.6155,1920209743.6927214,4955133301.340987,876239204.1582824,561582795.4713581,2787968209.6014595,6398794230.501644,1.6410233317210306e-05
236.0,0.5434513247980064,9.072150899704456,0.0306419819943432,103.86592312854798,6.032050793844388,0.8020919407290558,0,236,17.3747309257571,0.0173121713033455,62.067805744436505,0.0472843928425237,1.6155,2166778778.6694665,8190329919.176958,967542462.5678922,1027204190.1770153,5259170137.8454895,7138528877.8175535,2.1711578370402165e-05
237.0,0.5604653354409771,9.555051767837854,0.0391964906858099,110.62570529521517,6.149955942061729,0.5720658413901173,0,237,18.36389087902465,0.0087564181234132,63.629575607809684,0.0240252517423898,1.6155,1744917465.2521725,3293164848.3435526,821039617.9339459,327015120.250189,1549179548.5674655,5856796408.572424,8.800495429557141e-06
238.0,0.5489369986703255,9.508068394838002,0.0423901654022331,109.6575316213744,6.20626280807611,0.5743673328139653,0,238,17.183062091591868,0.0088626468926393,63.119703539106496,0.0249531704830751,1.6155,1771240655.2933156,3914762316.1643796,829163195.7957256,418548951.1712823,2037651710.9571319,5928795976.341087,9.805492775422689e-06
239.0,0.5387413867051242,9.020687594420457,0.0282958625576685,103.64648583707903,6.09037687585504,0.7071375201574078,0,239,17.08339675196739,0.0246549630332199,61.626034477650116,0.0669090474228395,1.6155,2169295642.0725937,8195913667.376799,970576569.1256964,1027798223.9390446,5262070114.070379,7146496967.560723,2.6644584096947324e-05
240.0,0.5299097213607178,9.05236456911623,0.0342984332325486,103.61584167826892,6.127613710657785,0.7925829760638163,0,240,16.02490844747316,0.003085515351798,61.51558713856518,0.0150383206402072,1.6155,1706865187.2552164,3115686044.616376,802008782.737612,303911939.647871,1429670124.1735778,5734514904.463675,6.664409322468448e-06
241.0,0.4386528420809092,7.617791852387161,0.0636512305961695,82.16433595421327,5.898436584098235,0.999999660570997,0,241,18.681303736410403,,45.53595696977091,,1.6155,1649038337.1681871,1458105662.6037412,786805964.0492988,58574594.247934714,118858798.00841005,5584080841.73447,2.862047758612565e-07
242.0,0.42741240206542,7.521532821721662,0.0714924735898894,80.1856708473356,5.903909243277836,0.9999619696272222,0,242,19.02182839096778,0.012348276266713,43.46269793878709,0.0364144586093852,1.6155,1926150102.7848852,5173697190.790282,884802814.204222,594000033.4235703,2961316357.294749,6413053163.204418,1.7139602813314866e-05
243.0,0.4421183467963393,7.721897617165531,0.0808944029908796,82.70121890976333,5.906417418868918,0.8158343093054534,0,243,19.829723845483556,0.0166285284319216,44.76107630930292,0.0527227912063951,1.6155,2227050992.811519,8878127918.420822,986151220.4474754,1125489636.4248612,5779842020.994689,7322973933.244419,3.216067937863568e-05
244.0,0.4245600588986935,7.469157991096823,0.0722301972327515,79.48691099515105,5.902479657015436,1.0000589781635558,0,244,18.733791815855025,0.0066880138310727,43.36307149578211,0.0224645615173845,1.6155,1830918684.5777283,4042049107.558469,851174310.5727395,432000544.5109294,2102692763.0125668,6125329134.933309,1.3669308310251363e-05
245.0,0.4276121153146274,7.496254857501614,0.0694814520671182,79.9760622458626,5.910543544699666,1.0000216162588242,0,245,18.99890853691214,0.0209632006233247,43.437164589904285,0.0652623077914621,1.6155,2224675992.859752,9197289311.964336,985329689.592683,1174041344.1683378,6040907276.306983,7306799123.902315,3.8684990421160515e-05
246.0,0.426616699532805,7.485902043871029,0.0714895501727254,79.87990712902756,5.903657438776571,0.999733259080171,0,246,18.895690184286106,0.0097200797004777,43.481898159647564,0.0306852386382062,1.6155,1918188423.911201,5189499571.785206,879748296.4585693,597209590.0440555,2979547342.1676087,6386952725.148368,1.8459605079450202e-05
247.0,0.4497003715537913,7.7111683879343,0.0628904338342005,83.0543841876599,5.9808314918328005,0.9114739007726156,0,247,20.16274220689806,0.2617416947516591,43.8942668273919,0.7334483917172891,1.6155,7186524283.566431,73956068003.609,2749405355.808182,10493091603.825445,55497444177.29936,22192668654.630272,0.0003401055531976
248.0,0.4270992249097395,7.492161419508895,0.0707251031263055,79.9641470987912,5.9052214187539525,0.9999130871080808,0,248,18.96613545521472,0.0103771440297746,43.471563233669336,0.0341490772619815,1.6155,1982798964.0742168,6027579474.229734,902863777.1013205,717776227.7867081,3619358412.6868215,6581274764.111662,2.233451146270508e-05
249.0,0.4267967690622056,7.490057433789669,0.0698216816653825,79.8635309311034,5.907285675343983,0.999946300642897,0,249,18.961061832989714,0.0163364833533935,43.402674978648136,0.0473629329904029,1.6155,2041994328.3282278,6808979259.036031,921213746.3324101,830309622.0288768,4216653700.5679092,6758121841.62767,2.6342463306841716e-05
250.0,0.4420804533888121,7.723183200543444,0.0807890442342226,82.69503891202075,5.9075800545448285,0.8161936527308677,0,250,19.84918577684573,0.0168036504621952,44.73987480754118,0.051788076304206,1.6155,2135215939.3573453,7661417662.3358135,957515055.5707353,950237431.0850831,4849604333.743546,7047532284.043037,3.074511921725444e-05
251.0,0.5527321161215218,8.486373574759243,0.042433974909656,96.14539039114818,6.15453569542418,1.000000684543861,0,251,14.963229073763467,0.7224385111836504,59.8718150246018,2.717779189631393,1.6155,12439242430.821592,142820455751.1828,4250548069.1786623,20408030642.683575,108118941560.7966,37960234582.209015,0.0006583657884271
252.0,0.555392575817738,8.901197587774496,0.0383789540804603,97.31620576693246,6.108828624693865,0.9999958202839084,0,252,17.36141051893238,0.5978848975702475,59.5585909305147,1.861097082226925,1.6155,13157931083.450912,152080646185.8693,4484355488.262523,21739887540.166325,115185974939.69806,40122950490.23644,0.0007619392023377001
253.0,0.5485651558250276,8.478606223404086,0.044227699380886,95.7042295354631,6.113314415974974,1.000030801586011,0,253,15.310042982432122,0.6435164122070998,60.2619490634101,2.064631958774152,1.6155,12611910774.697025,145004819115.69937,4308550511.406782,20721889410.942917,109783952669.6729,38482397782.61115,0.0006024405969706
254.0,0.5592814551995402,8.513798826524502,0.038976044699716,96.62462321917664,6.216311329972317,1.0000004954006223,0,254,15.58493231138363,0.8157549952128049,60.0731425707025,2.6638238361129107,1.6155,16881504238.70288,201257983312.82565,5677005800.714459,28822045565.374973,152776722071.60205,51285698200.93405,0.0009192581173905999
255.0,0.5628511454148287,8.854834562145054,0.0341917649023614,97.41437483854327,6.163635824038061,1.000011264754293,0,255,16.687334629876997,0.7777073003076125,59.6388093356832,2.653426298788057,1.6155,13965603236.648071,162633200481.55765,4742328875.737844,23258743070.09174,123246634753.43266,42545304596.18123,0.0008669693515294
256.0,0.558982923085967,8.47206261285309,0.0414399038649706,96.0352538067236,6.1783551452888865,1.000000066371526,0,256,15.11287731433109,0.8095162262344439,59.4460303803214,3.226049457621463,1.6155,17868988291.774925,214497260939.5762,5991864577.4004755,30730139486.18611,162906417144.38782,54241760798.948395,0.0007974877282736
257.0,0.5607544341652997,8.775197113094398,0.032578013236874,96.60681609493173,6.183960670759819,1.0000005376106178,0,257,16.32426139931422,0.8539222752314471,59.0790531181397,2.9314992471175216,1.6155,16909495741.296978,201511590447.19254,5685616571.632157,28857709143.6349,152964883179.565,51371618039.92442,0.0008968842825059
258.0,0.5574959726059702,8.482013002513568,0.0409077924779194,96.18737592100214,6.151876367478738,1.0000133393598394,0,258,15.36366355105113,0.882036634891856,59.66643810148031,2.900995004743074,1.6155,15357185403.51931,181155788382.10074,5186597804.45586,25927300682.515,137412213847.21024,46712870232.70061,0.000775252621227
259.0,0.5606379666499681,8.76271878564394,0.0326517268304347,96.47981984595697,6.166774515042262,1.0000022523519565,0,259,16.139526791196282,0.8492671041586143,58.949152051576505,3.100352143961636,1.6155,15618677268.347946,184499844854.03726,5271417418.361149,26408072543.414383,139963018724.72357,47500258793.65783,0.0008595778007750001
260.0,0.5568856893851755,8.474453921639805,0.0398134668482786,95.93250914280529,6.185864709598352,1.0000038101821551,0,260,15.263256916936045,0.8387224074453486,59.3991519878195,3.0564439033696327,1.6155,13815144749.828186,160733018479.58783,4694706453.301516,22985735584.709248,121798457354.59737,42093457952.53428,0.0007642991007161
