scenario,location,tech_type,value
0,PRT_1,hydro_reservoir,1.6428179933707294
0,PRT_2,hydro_reservoir,0.1739601194724856
0,PRT_1,pumped_hydro,0.505776103896104
0,PRT_2,pumped_hydro,0.0058
0,PRT_1,battery,1.9551482618658618e-07
0,PRT_2,battery,2.719916938260855e-07
1,PRT_1,hydro_reservoir,1.6428179933707294
1,PRT_2,hydro_reservoir,0.1739601194724856
1,PRT_1,pumped_hydro,0.505776103896104
1,PRT_2,pumped_hydro,0.0058
1,PRT_1,battery,0.0026055466234617
1,PRT_2,battery,0.0024074349482502
2,PRT_1,hydro_reservoir,1.6428179933707294
2,PRT_2,hydro_reservoir,0.1739601194724856
2,PRT_1,pumped_hydro,0.505776103896104
2,PRT_2,pumped_hydro,0.0058
2,PRT_1,battery,2.200144747318076e-06
2,PRT_2,battery,8.593734029778385e-06
3,PRT_1,hydro_reservoir,1.6428179933707294
3,PRT_2,hydro_reservoir,0.1739601194724856
3,PRT_1,pumped_hydro,0.505776103896104
3,PRT_2,pumped_hydro,0.0058
3,PRT_1,battery,1.3851587796045217e-06
3,PRT_2,battery,3.330596929507072e-06
4,PRT_1,hydro_reservoir,1.6428179933707294
4,PRT_2,hydro_reservoir,0.1739601194724856
4,PRT_1,pumped_hydro,0.505776103896104
4,PRT_2,pumped_hydro,0.0058
4,PRT_1,battery,3.267714459489228e-06
4,PRT_2,battery,5.3660137683715806e-06
5,PRT_1,hydro_reservoir,1.6428179933707294
5,PRT_2,hydro_reservoir,0.1739601194724856
5,PRT_1,pumped_hydro,0.505776103896104
5,PRT_2,pumped_hydro,0.0058
5,PRT_1,battery,3.3401879196736683e-06
5,PRT_2,battery,6.197772340273509e-06
6,PRT_1,hydro_reservoir,1.6428179933707294
6,PRT_2,hydro_reservoir,0.1739601194724856
6,PRT_1,pumped_hydro,0.505776103896104
6,PRT_2,pumped_hydro,0.0058
6,PRT_1,battery,4.1430517462149484e-06
6,PRT_2,battery,4.467480725108513e-06
7,PRT_1,hydro_reservoir,1.6428179933707294
7,PRT_2,hydro_reservoir,0.1739601194724856
7,PRT_1,pumped_hydro,0.505776103896104
7,PRT_2,pumped_hydro,0.0058
7,PRT_1,battery,9.131894537529558e-06
7,PRT_2,battery,1.4638107705355335e-05
8,PRT_1,hydro_reservoir,1.6428179933707294
8,PRT_2,hydro_reservoir,0.1739601194724856
8,PRT_1,pumped_hydro,0.505776103896104
8,PRT_2,pumped_hydro,0.0058
8,PRT_1,battery,7.390982384363368e-06
8,PRT_2,battery,1.0717151577906952e-05
9,PRT_1,hydro_reservoir,1.6428179933707294
9,PRT_2,hydro_reservoir,0.1739601194724856
9,PRT_1,pumped_hydro,0.505776103896104
9,PRT_2,pumped_hydro,0.0058
9,PRT_1,battery,1.499748271961102e-05
9,PRT_2,battery,2.295808736578789e-05
10,PRT_1,hydro_reservoir,1.6428179933707294
10,PRT_2,hydro_reservoir,0.1739601194724856
10,PRT_1,pumped_hydro,0.505776103896104
10,PRT_2,pumped_hydro,0.0058
10,PRT_1,battery,7.578178925451704e-06
10,PRT_2,battery,1.0256380474989711e-05
11,PRT_1,hydro_reservoir,1.6428179933707294
11,PRT_2,hydro_reservoir,0.1739601194724856
11,PRT_1,pumped_hydro,0.505776103896104
11,PRT_2,pumped_hydro,0.0058
11,PRT_1,battery,2.96694209425476e-05
11,PRT_2,battery,5.937213226413712e-05
12,PRT_1,hydro_reservoir,1.6428179933707294
12,PRT_2,hydro_reservoir,0.1739601194724856
12,PRT_1,pumped_hydro,0.505776103896104
12,PRT_2,pumped_hydro,0.0058
12,PRT_1,battery,6.541797124134408e-05
12,PRT_2,battery,0.0007104644241811
13,PRT_1,hydro_reservoir,1.6428179933707294
13,PRT_2,hydro_reservoir,0.1739601194724856
13,PRT_1,pumped_hydro,0.505776103896104
13,PRT_2,pumped_hydro,0.0058
13,PRT_1,battery,2.7712019141143126e-05
13,PRT_2,battery,0.000341121561135
14,PRT_1,hydro_reservoir,1.6428179933707294
14,PRT_2,hydro_reservoir,0.1739601194724856
14,PRT_1,pumped_hydro,0.505776103896104
14,PRT_2,pumped_hydro,0.0058
14,PRT_1,battery,5.67017369622854e-05
14,PRT_2,battery,3.823377897070065e-05
15,PRT_1,hydro_reservoir,1.6428179933707294
15,PRT_2,hydro_reservoir,0.1739601194724856
15,PRT_1,pumped_hydro,0.505776103896104
15,PRT_2,pumped_hydro,0.0058
15,PRT_1,battery,7.530719532387566e-05
15,PRT_2,battery,7.891596559487843e-05
16,PRT_1,hydro_reservoir,1.6428179933707294
16,PRT_2,hydro_reservoir,0.1739601194724856
16,PRT_1,pumped_hydro,0.505776103896104
16,PRT_2,pumped_hydro,0.0058
16,PRT_1,battery,0.0001257371757824
16,PRT_2,battery,0.0002056477615234
17,PRT_1,hydro_reservoir,1.6428179933707294
17,PRT_2,hydro_reservoir,0.1739601194724856
17,PRT_1,pumped_hydro,0.505776103896104
17,PRT_2,pumped_hydro,0.0058
17,PRT_1,battery,1.6343383693560952e-05
17,PRT_2,battery,1.6305580575050546e-05
18,PRT_1,hydro_reservoir,1.6428179933707294
18,PRT_2,hydro_reservoir,0.1739601194724856
18,PRT_1,pumped_hydro,0.505776103896104
18,PRT_2,pumped_hydro,0.0058
18,PRT_1,battery,0.0001818336997388
18,PRT_2,battery,0.0006062715288792
19,PRT_1,hydro_reservoir,1.6428179933707294
19,PRT_2,hydro_reservoir,0.1739601194724856
19,PRT_1,pumped_hydro,0.505776103896104
19,PRT_2,pumped_hydro,0.0058
19,PRT_1,battery,5.361648819985576e-05
19,PRT_2,battery,0.0023544174563733
20,PRT_1,hydro_reservoir,1.6428179933707294
20,PRT_2,hydro_reservoir,0.1739601194724856
20,PRT_1,pumped_hydro,0.505776103896104
20,PRT_2,pumped_hydro,0.0058
20,PRT_1,battery,1.0703020223234802e-05
20,PRT_2,battery,0.0125628356453355
21,PRT_1,hydro_reservoir,1.6428179933707294
21,PRT_2,hydro_reservoir,0.1739601194724856
21,PRT_1,pumped_hydro,0.505776103896104
21,PRT_2,pumped_hydro,0.0058
21,PRT_1,battery,4.10053709995299e-05
21,PRT_2,battery,0.0103991245095681
22,PRT_1,hydro_reservoir,1.6428179933707294
22,PRT_2,hydro_reservoir,0.1739601194724856
22,PRT_1,pumped_hydro,0.505776103896104
22,PRT_2,pumped_hydro,0.0058
22,PRT_1,battery,1.0115252913307854e-05
22,PRT_2,battery,0.0124068117310372
23,PRT_1,hydro_reservoir,1.6428179933707294
23,PRT_2,hydro_reservoir,0.1739601194724856
23,PRT_1,pumped_hydro,0.505776103896104
23,PRT_2,pumped_hydro,0.0058
23,PRT_1,battery,6.426962916931123e-05
23,PRT_2,battery,0.0088988584754495
24,PRT_1,hydro_reservoir,1.6428179933707294
24,PRT_2,hydro_reservoir,0.1739601194724856
24,PRT_1,pumped_hydro,0.505776103896104
24,PRT_2,pumped_hydro,0.0058
24,PRT_1,battery,2.4650331028617017e-05
24,PRT_2,battery,0.0114431104156027
25,PRT_1,hydro_reservoir,1.6428179933707294
25,PRT_2,hydro_reservoir,0.1739601194724856
25,PRT_1,pumped_hydro,0.505776103896104
25,PRT_2,pumped_hydro,0.0058
25,PRT_1,battery,6.355864222693037e-05
25,PRT_2,battery,0.00134715402025
26,PRT_1,hydro_reservoir,1.6428179933707294
26,PRT_2,hydro_reservoir,0.1739601194724856
26,PRT_1,pumped_hydro,0.505776103896104
26,PRT_2,pumped_hydro,0.0058
26,PRT_1,battery,0.0006029125277282
26,PRT_2,battery,5.168718506493661e-05
27,PRT_1,hydro_reservoir,1.6428179933707294
27,PRT_2,hydro_reservoir,0.1739601194724856
27,PRT_1,pumped_hydro,0.505776103896104
27,PRT_2,pumped_hydro,0.0058
27,PRT_1,battery,0.0023280633030236
27,PRT_2,battery,4.817843038609688e-05
28,PRT_1,hydro_reservoir,1.6428179933707294
28,PRT_2,hydro_reservoir,0.1739601194724856
28,PRT_1,pumped_hydro,0.505776103896104
28,PRT_2,pumped_hydro,0.0058
28,PRT_1,battery,0.0037354313928231
28,PRT_2,battery,6.841667515092104e-05
29,PRT_1,hydro_reservoir,1.6428179933707294
29,PRT_2,hydro_reservoir,0.1739601194724856
29,PRT_1,pumped_hydro,0.505776103896104
29,PRT_2,pumped_hydro,0.0058
29,PRT_1,battery,0.0033968350149615
29,PRT_2,battery,0.0002266735816467
30,PRT_1,hydro_reservoir,1.6428179933707294
30,PRT_2,hydro_reservoir,0.1739601194724856
30,PRT_1,pumped_hydro,0.505776103896104
30,PRT_2,pumped_hydro,0.0058
30,PRT_1,battery,0.003453351651221
30,PRT_2,battery,0.0001741080453707
31,PRT_1,hydro_reservoir,1.6428179933707294
31,PRT_2,hydro_reservoir,0.1739601194724856
31,PRT_1,pumped_hydro,0.505776103896104
31,PRT_2,pumped_hydro,0.0058
31,PRT_1,battery,0.0029113204634247
31,PRT_2,battery,0.0001144088907252
32,PRT_1,hydro_reservoir,1.6428179933707294
32,PRT_2,hydro_reservoir,0.1739601194724856
32,PRT_1,pumped_hydro,0.505776103896104
32,PRT_2,pumped_hydro,0.0058
32,PRT_1,battery,0.0032137575468121
32,PRT_2,battery,6.569135733156667e-05
33,PRT_1,hydro_reservoir,1.6428179933707294
33,PRT_2,hydro_reservoir,0.1739601194724856
33,PRT_1,pumped_hydro,0.505776103896104
33,PRT_2,pumped_hydro,0.0058
33,PRT_1,battery,0.0035130286537116
33,PRT_2,battery,0.0002621024415281
34,PRT_1,hydro_reservoir,1.6428179933707294
34,PRT_2,hydro_reservoir,0.1739601194724856
34,PRT_1,pumped_hydro,0.505776103896104
34,PRT_2,pumped_hydro,0.0058
34,PRT_1,battery,0.0027503332547715
34,PRT_2,battery,7.212686944047583e-05
35,PRT_1,hydro_reservoir,1.6428179933707294
35,PRT_2,hydro_reservoir,0.1739601194724856
35,PRT_1,pumped_hydro,0.505776103896104
35,PRT_2,pumped_hydro,0.0058
35,PRT_1,battery,0.0001663701484397
35,PRT_2,battery,4.2976968998170064e-05
36,PRT_1,hydro_reservoir,1.6428179933707294
36,PRT_2,hydro_reservoir,0.1739601194724856
36,PRT_1,pumped_hydro,0.505776103896104
36,PRT_2,pumped_hydro,0.0058
36,PRT_1,battery,4.612066989266807e-05
36,PRT_2,battery,5.861723703775256e-05
37,PRT_1,hydro_reservoir,1.6428179933707294
37,PRT_2,hydro_reservoir,0.1739601194724856
37,PRT_1,pumped_hydro,0.505776103896104
37,PRT_2,pumped_hydro,0.0058
37,PRT_1,battery,3.694872330011326e-05
37,PRT_2,battery,3.939333698373484e-05
38,PRT_1,hydro_reservoir,1.6428179933707294
38,PRT_2,hydro_reservoir,0.1739601194724856
38,PRT_1,pumped_hydro,0.505776103896104
38,PRT_2,pumped_hydro,0.0058
38,PRT_1,battery,3.251892551761186e-05
38,PRT_2,battery,4.355170197284975e-05
39,PRT_1,hydro_reservoir,1.6428179933707294
39,PRT_2,hydro_reservoir,0.1739601194724856
39,PRT_1,pumped_hydro,0.505776103896104
39,PRT_2,pumped_hydro,0.0058
39,PRT_1,battery,3.020767185628252e-05
39,PRT_2,battery,3.0521427095343495e-05
40,PRT_1,hydro_reservoir,1.6428179933707294
40,PRT_2,hydro_reservoir,0.1739601194724856
40,PRT_1,pumped_hydro,0.505776103896104
40,PRT_2,pumped_hydro,0.0058
40,PRT_1,battery,0.0001354702652028
40,PRT_2,battery,0.0001456337516375
41,PRT_1,hydro_reservoir,1.6428179933707294
41,PRT_2,hydro_reservoir,0.1739601194724856
41,PRT_1,pumped_hydro,0.505776103896104
41,PRT_2,pumped_hydro,0.0058
41,PRT_1,battery,5.41753487079685e-05
41,PRT_2,battery,5.986613047728131e-05
42,PRT_1,hydro_reservoir,1.6428179933707294
42,PRT_2,hydro_reservoir,0.1739601194724856
42,PRT_1,pumped_hydro,0.505776103896104
42,PRT_2,pumped_hydro,0.0058
42,PRT_1,battery,5.159550497600063e-05
42,PRT_2,battery,5.683669731845252e-05
43,PRT_1,hydro_reservoir,1.6428179933707294
43,PRT_2,hydro_reservoir,0.1739601194724856
43,PRT_1,pumped_hydro,0.505776103896104
43,PRT_2,pumped_hydro,0.0058
43,PRT_1,battery,7.331170343771563e-05
43,PRT_2,battery,8.560374363766429e-05
44,PRT_1,hydro_reservoir,1.6428179933707294
44,PRT_2,hydro_reservoir,0.1739601194724856
44,PRT_1,pumped_hydro,0.505776103896104
44,PRT_2,pumped_hydro,0.0058
44,PRT_1,battery,0.0001679984370742
44,PRT_2,battery,0.0001665372491668
45,PRT_1,hydro_reservoir,1.6428179933707294
45,PRT_2,hydro_reservoir,0.1739601194724856
45,PRT_1,pumped_hydro,0.505776103896104
45,PRT_2,pumped_hydro,0.0058
45,PRT_1,battery,0.0001149435286663
45,PRT_2,battery,0.0001257776623788
46,PRT_1,hydro_reservoir,1.6428179933707294
46,PRT_2,hydro_reservoir,0.1739601194724856
46,PRT_1,pumped_hydro,0.505776103896104
46,PRT_2,pumped_hydro,0.0058
46,PRT_1,battery,4.366062754187247e-05
46,PRT_2,battery,5.368973940728085e-05
47,PRT_1,hydro_reservoir,1.6428179933707294
47,PRT_2,hydro_reservoir,0.1739601194724856
47,PRT_1,pumped_hydro,0.505776103896104
47,PRT_2,pumped_hydro,0.0058
47,PRT_1,battery,4.691023662640112e-05
47,PRT_2,battery,6.368826340443747e-05
48,PRT_1,hydro_reservoir,1.6428179933707294
48,PRT_2,hydro_reservoir,0.1739601194724856
48,PRT_1,pumped_hydro,0.505776103896104
48,PRT_2,pumped_hydro,0.0058
48,PRT_1,battery,3.432457568862796e-05
48,PRT_2,battery,5.173663921921837e-05
49,PRT_1,hydro_reservoir,1.6428179933707294
49,PRT_2,hydro_reservoir,0.1739601194724856
49,PRT_1,pumped_hydro,0.505776103896104
49,PRT_2,pumped_hydro,0.0058
49,PRT_1,battery,6.47654210963794e-05
49,PRT_2,battery,0.0001030363313654
50,PRT_1,hydro_reservoir,1.6428179933707294
50,PRT_2,hydro_reservoir,0.1739601194724856
50,PRT_1,pumped_hydro,0.505776103896104
50,PRT_2,pumped_hydro,0.0058
50,PRT_1,battery,9.238801966351678e-05
50,PRT_2,battery,0.0001344608144505
51,PRT_1,hydro_reservoir,1.6428179933707294
51,PRT_2,hydro_reservoir,0.1739601194724856
51,PRT_1,pumped_hydro,0.505776103896104
51,PRT_2,pumped_hydro,0.0058
51,PRT_1,battery,1.0156702492890098e-06
51,PRT_2,battery,1.1151400613742063e-06
52,PRT_1,hydro_reservoir,1.6428179933707294
52,PRT_2,hydro_reservoir,0.1739601194724856
52,PRT_1,pumped_hydro,0.505776103896104
52,PRT_2,pumped_hydro,0.0058
52,PRT_1,battery,2.489738243015116e-06
52,PRT_2,battery,2.892441388794229e-06
53,PRT_1,hydro_reservoir,1.6428179933707294
53,PRT_2,hydro_reservoir,0.1739601194724856
53,PRT_1,pumped_hydro,0.505776103896104
53,PRT_2,pumped_hydro,0.0058
53,PRT_1,battery,2.795051693267664e-06
53,PRT_2,battery,3.077426141470503e-06
54,PRT_1,hydro_reservoir,1.6428179933707294
54,PRT_2,hydro_reservoir,0.1739601194724856
54,PRT_1,pumped_hydro,0.505776103896104
54,PRT_2,pumped_hydro,0.0058
54,PRT_1,battery,2.276693498883612e-06
54,PRT_2,battery,2.6542414568501394e-06
55,PRT_1,hydro_reservoir,1.6428179933707294
55,PRT_2,hydro_reservoir,0.1739601194724856
55,PRT_1,pumped_hydro,0.505776103896104
55,PRT_2,pumped_hydro,0.0058
55,PRT_1,battery,2.487796432701588e-07
55,PRT_2,battery,2.777890306123673e-07
56,PRT_1,hydro_reservoir,1.6428179933707294
56,PRT_2,hydro_reservoir,0.1739601194724856
56,PRT_1,pumped_hydro,0.505776103896104
56,PRT_2,pumped_hydro,0.0058
56,PRT_1,battery,2.4251247777917e-06
56,PRT_2,battery,2.7937362051521085e-06
57,PRT_1,hydro_reservoir,1.6428179933707294
57,PRT_2,hydro_reservoir,0.1739601194724856
57,PRT_1,pumped_hydro,0.505776103896104
57,PRT_2,pumped_hydro,0.0058
57,PRT_1,battery,9.908246302906408e-07
57,PRT_2,battery,1.088770397814989e-06
58,PRT_1,hydro_reservoir,1.6428179933707294
58,PRT_2,hydro_reservoir,0.1739601194724856
58,PRT_1,pumped_hydro,0.505776103896104
58,PRT_2,pumped_hydro,0.0058
58,PRT_1,battery,2.347970317274685e-06
58,PRT_2,battery,2.706768714323806e-06
59,PRT_1,hydro_reservoir,1.6428179933707294
59,PRT_2,hydro_reservoir,0.1739601194724856
59,PRT_1,pumped_hydro,0.505776103896104
59,PRT_2,pumped_hydro,0.0058
59,PRT_1,battery,1.0999001732262653e-06
59,PRT_2,battery,1.2204264263100074e-06
60,PRT_1,hydro_reservoir,1.6428179933707294
60,PRT_2,hydro_reservoir,0.1739601194724856
60,PRT_1,pumped_hydro,0.505776103896104
60,PRT_2,pumped_hydro,0.0058
60,PRT_1,battery,2.407079084472652e-06
60,PRT_2,battery,2.77333455767211e-06
61,PRT_1,hydro_reservoir,1.6428179933707294
61,PRT_2,hydro_reservoir,0.1739601194724856
61,PRT_1,pumped_hydro,0.505776103896104
61,PRT_2,pumped_hydro,0.0058
61,PRT_1,battery,3.5878249453705608e-06
61,PRT_2,battery,3.58798399452064e-06
62,PRT_1,hydro_reservoir,1.6428179933707294
62,PRT_2,hydro_reservoir,0.1739601194724856
62,PRT_1,pumped_hydro,0.505776103896104
62,PRT_2,pumped_hydro,0.0058
62,PRT_1,battery,0.0001824166455611
62,PRT_2,battery,0.0001825036352226
63,PRT_1,hydro_reservoir,1.6428179933707294
63,PRT_2,hydro_reservoir,0.1739601194724856
63,PRT_1,pumped_hydro,0.505776103896104
63,PRT_2,pumped_hydro,0.0058
63,PRT_1,battery,5.078143303184298e-05
63,PRT_2,battery,5.078464929824344e-05
64,PRT_1,hydro_reservoir,1.6428179933707294
64,PRT_2,hydro_reservoir,0.1739601194724856
64,PRT_1,pumped_hydro,0.505776103896104
64,PRT_2,pumped_hydro,0.0058
64,PRT_1,battery,0.0001583976424891
64,PRT_2,battery,0.0001584616131315
65,PRT_1,hydro_reservoir,1.6428179933707294
65,PRT_2,hydro_reservoir,0.1739601194724856
65,PRT_1,pumped_hydro,0.505776103896104
65,PRT_2,pumped_hydro,0.0058
65,PRT_1,battery,5.617925799051381e-05
65,PRT_2,battery,5.618790908588595e-05
66,PRT_1,hydro_reservoir,1.6428179933707294
66,PRT_2,hydro_reservoir,0.1739601194724856
66,PRT_1,pumped_hydro,0.505776103896104
66,PRT_2,pumped_hydro,0.0058
66,PRT_1,battery,0.0001524696148334
66,PRT_2,battery,0.0001525142253948
67,PRT_1,hydro_reservoir,1.6428179933707294
67,PRT_2,hydro_reservoir,0.1739601194724856
67,PRT_1,pumped_hydro,0.505776103896104
67,PRT_2,pumped_hydro,0.0058
67,PRT_1,battery,5.4476990541612985e-05
67,PRT_2,battery,5.448544219157244e-05
68,PRT_1,hydro_reservoir,1.6428179933707294
68,PRT_2,hydro_reservoir,0.1739601194724856
68,PRT_1,pumped_hydro,0.505776103896104
68,PRT_2,pumped_hydro,0.0058
68,PRT_1,battery,0.0001540623385076
68,PRT_2,battery,0.000154127160335
69,PRT_1,hydro_reservoir,1.6428179933707294
69,PRT_2,hydro_reservoir,0.1739601194724856
69,PRT_1,pumped_hydro,0.505776103896104
69,PRT_2,pumped_hydro,0.0058
69,PRT_1,battery,5.594710187600803e-05
69,PRT_2,battery,5.595869717680276e-05
70,PRT_1,hydro_reservoir,1.6428179933707294
70,PRT_2,hydro_reservoir,0.1739601194724856
70,PRT_1,pumped_hydro,0.505776103896104
70,PRT_2,pumped_hydro,0.0058
70,PRT_1,battery,0.0001468869013295
70,PRT_2,battery,0.0001469242593319
71,PRT_1,hydro_reservoir,1.6428179933707294
71,PRT_2,hydro_reservoir,0.1739601194724856
71,PRT_1,pumped_hydro,0.505776103896104
71,PRT_2,pumped_hydro,0.0058
71,PRT_1,battery,5.213982660868742e-05
71,PRT_2,battery,0.0043423100633399
72,PRT_1,hydro_reservoir,1.6428179933707294
72,PRT_2,hydro_reservoir,0.1739601194724856
72,PRT_1,pumped_hydro,0.505776103896104
72,PRT_2,pumped_hydro,0.0058
72,PRT_1,battery,0.002818482873098
72,PRT_2,battery,0.0024670855879878
73,PRT_1,hydro_reservoir,1.6428179933707294
73,PRT_2,hydro_reservoir,0.1739601194724856
73,PRT_1,pumped_hydro,0.505776103896104
73,PRT_2,pumped_hydro,0.0058
73,PRT_1,battery,0.0007531347615745
73,PRT_2,battery,0.0030849582557692
74,PRT_1,hydro_reservoir,1.6428179933707294
74,PRT_2,hydro_reservoir,0.1739601194724856
74,PRT_1,pumped_hydro,0.505776103896104
74,PRT_2,pumped_hydro,0.0058
74,PRT_1,battery,0.0027339817757999
74,PRT_2,battery,0.002459559023651
75,PRT_1,hydro_reservoir,1.6428179933707294
75,PRT_2,hydro_reservoir,0.1739601194724856
75,PRT_1,pumped_hydro,0.505776103896104
75,PRT_2,pumped_hydro,0.0058
75,PRT_1,battery,0.0009458071717961
75,PRT_2,battery,0.0025528718046168
76,PRT_1,hydro_reservoir,1.6428179933707294
76,PRT_2,hydro_reservoir,0.1739601194724856
76,PRT_1,pumped_hydro,0.505776103896104
76,PRT_2,pumped_hydro,0.0058
76,PRT_1,battery,0.0027732975153695
76,PRT_2,battery,0.0025393639802322
77,PRT_1,hydro_reservoir,1.6428179933707294
77,PRT_2,hydro_reservoir,0.1739601194724856
77,PRT_1,pumped_hydro,0.505776103896104
77,PRT_2,pumped_hydro,0.0058
77,PRT_1,battery,0.0009429538460119
77,PRT_2,battery,0.0026534716652662
78,PRT_1,hydro_reservoir,1.6428179933707294
78,PRT_2,hydro_reservoir,0.1739601194724856
78,PRT_1,pumped_hydro,0.505776103896104
78,PRT_2,pumped_hydro,0.0058
78,PRT_1,battery,0.0027540708310888
78,PRT_2,battery,0.0021545997211023
79,PRT_1,hydro_reservoir,1.6428179933707294
79,PRT_2,hydro_reservoir,0.1739601194724856
79,PRT_1,pumped_hydro,0.505776103896104
79,PRT_2,pumped_hydro,0.0058
79,PRT_1,battery,0.0010323896820736
79,PRT_2,battery,0.0023449504294841
80,PRT_1,hydro_reservoir,1.6428179933707294
80,PRT_2,hydro_reservoir,0.1739601194724856
80,PRT_1,pumped_hydro,0.505776103896104
80,PRT_2,pumped_hydro,0.0058
80,PRT_1,battery,0.0025249782548363
80,PRT_2,battery,0.0023103255348979
81,PRT_1,hydro_reservoir,1.6428179933707294
81,PRT_2,hydro_reservoir,0.1739601194724856
81,PRT_1,pumped_hydro,0.505776103896104
81,PRT_2,pumped_hydro,0.0058
81,PRT_1,battery,5.993569093480504e-08
81,PRT_2,battery,6.20279660805961e-08
82,PRT_1,hydro_reservoir,1.6428179933707294
82,PRT_2,hydro_reservoir,0.1739601194724856
82,PRT_1,pumped_hydro,0.505776103896104
82,PRT_2,pumped_hydro,0.0058
82,PRT_1,battery,3.6440571769778574e-08
82,PRT_2,battery,3.774652045132813e-08
83,PRT_1,hydro_reservoir,1.6428179933707294
83,PRT_2,hydro_reservoir,0.1739601194724856
83,PRT_1,pumped_hydro,0.505776103896104
83,PRT_2,pumped_hydro,0.0058
83,PRT_1,battery,4.031694156502553e-07
83,PRT_2,battery,4.174172753799894e-07
84,PRT_1,hydro_reservoir,1.6428179933707294
84,PRT_2,hydro_reservoir,0.1739601194724856
84,PRT_1,pumped_hydro,0.505776103896104
84,PRT_2,pumped_hydro,0.0058
84,PRT_1,battery,4.9801215034995864e-08
84,PRT_2,battery,5.149510867923067e-08
85,PRT_1,hydro_reservoir,1.6428179933707294
85,PRT_2,hydro_reservoir,0.1739601194724856
85,PRT_1,pumped_hydro,0.505776103896104
85,PRT_2,pumped_hydro,0.0058
85,PRT_1,battery,7.20473370472529e-08
85,PRT_2,battery,7.476644978124077e-08
86,PRT_1,hydro_reservoir,1.6428179933707294
86,PRT_2,hydro_reservoir,0.1739601194724856
86,PRT_1,pumped_hydro,0.505776103896104
86,PRT_2,pumped_hydro,0.0058
86,PRT_1,battery,3.889629209958738e-08
86,PRT_2,battery,4.009663139231143e-08
87,PRT_1,hydro_reservoir,1.6428179933707294
87,PRT_2,hydro_reservoir,0.1739601194724856
87,PRT_1,pumped_hydro,0.505776103896104
87,PRT_2,pumped_hydro,0.0058
87,PRT_1,battery,6.367051905222195e-08
87,PRT_2,battery,6.606107569344297e-08
88,PRT_1,hydro_reservoir,1.6428179933707294
88,PRT_2,hydro_reservoir,0.1739601194724856
88,PRT_1,pumped_hydro,0.505776103896104
88,PRT_2,pumped_hydro,0.0058
88,PRT_1,battery,6.7677357922779e-08
88,PRT_2,battery,6.980437810454495e-08
89,PRT_1,hydro_reservoir,1.6428179933707294
89,PRT_2,hydro_reservoir,0.1739601194724856
89,PRT_1,pumped_hydro,0.505776103896104
89,PRT_2,pumped_hydro,0.0058
89,PRT_1,battery,3.7246880917336e-08
89,PRT_2,battery,3.881023077853641e-08
90,PRT_1,hydro_reservoir,1.6428179933707294
90,PRT_2,hydro_reservoir,0.1739601194724856
90,PRT_1,pumped_hydro,0.505776103896104
90,PRT_2,pumped_hydro,0.0058
90,PRT_1,battery,2.5772656472425256e-08
90,PRT_2,battery,2.6568189020223627e-08
91,PRT_1,hydro_reservoir,1.6428179933707294
91,PRT_2,hydro_reservoir,0.1739601194724856
91,PRT_1,pumped_hydro,0.505776103896104
91,PRT_2,pumped_hydro,0.0058
91,PRT_1,battery,1.4173834705500218e-05
91,PRT_2,battery,0.0091922572578955
92,PRT_1,hydro_reservoir,1.6428179933707294
92,PRT_2,hydro_reservoir,0.1739601194724856
92,PRT_1,pumped_hydro,0.505776103896104
92,PRT_2,pumped_hydro,0.0058
92,PRT_1,battery,3.61733123421039e-05
92,PRT_2,battery,0.0120669074111145
93,PRT_1,hydro_reservoir,1.6428179933707294
93,PRT_2,hydro_reservoir,0.1739601194724856
93,PRT_1,pumped_hydro,0.505776103896104
93,PRT_2,pumped_hydro,0.0058
93,PRT_1,battery,0.0005091732327938
93,PRT_2,battery,0.0061328299481362
94,PRT_1,hydro_reservoir,1.6428179933707294
94,PRT_2,hydro_reservoir,0.1739601194724856
94,PRT_1,pumped_hydro,0.505776103896104
94,PRT_2,pumped_hydro,0.0058
94,PRT_1,battery,3.755760694349455e-05
94,PRT_2,battery,0.0120040026831188
95,PRT_1,hydro_reservoir,1.6428179933707294
95,PRT_2,hydro_reservoir,0.1739601194724856
95,PRT_1,pumped_hydro,0.505776103896104
95,PRT_2,pumped_hydro,0.0058
95,PRT_1,battery,0.0004184225681325
95,PRT_2,battery,0.0062025319397985
96,PRT_1,hydro_reservoir,1.6428179933707294
96,PRT_2,hydro_reservoir,0.1739601194724856
96,PRT_1,pumped_hydro,0.505776103896104
96,PRT_2,pumped_hydro,0.0058
96,PRT_1,battery,3.5618501175794e-05
96,PRT_2,battery,0.0120201151397468
97,PRT_1,hydro_reservoir,1.6428179933707294
97,PRT_2,hydro_reservoir,0.1739601194724856
97,PRT_1,pumped_hydro,0.505776103896104
97,PRT_2,pumped_hydro,0.0058
97,PRT_1,battery,0.000471109130083
97,PRT_2,battery,0.0059953667466597
98,PRT_1,hydro_reservoir,1.6428179933707294
98,PRT_2,hydro_reservoir,0.1739601194724856
98,PRT_1,pumped_hydro,0.505776103896104
98,PRT_2,pumped_hydro,0.0058
98,PRT_1,battery,3.5815425965686994e-05
98,PRT_2,battery,0.0120326981142255
99,PRT_1,hydro_reservoir,1.6428179933707294
99,PRT_2,hydro_reservoir,0.1739601194724856
99,PRT_1,pumped_hydro,0.505776103896104
99,PRT_2,pumped_hydro,0.0058
99,PRT_1,battery,0.0005009853464715
99,PRT_2,battery,0.0061519243292025
100,PRT_1,hydro_reservoir,1.6428179933707294
100,PRT_2,hydro_reservoir,0.1739601194724856
100,PRT_1,pumped_hydro,0.505776103896104
100,PRT_2,pumped_hydro,0.0058
100,PRT_1,battery,4.145640941616951e-05
100,PRT_2,battery,0.0119846749150244
101,PRT_1,hydro_reservoir,1.6428179933707294
101,PRT_2,hydro_reservoir,0.1739601194724856
101,PRT_1,pumped_hydro,0.505776103896104
101,PRT_2,pumped_hydro,0.0058
101,PRT_1,battery,2.1536898820945578e-05
101,PRT_2,battery,0.0049871210283553
102,PRT_1,hydro_reservoir,1.6428179933707294
102,PRT_2,hydro_reservoir,0.1739601194724856
102,PRT_1,pumped_hydro,0.505776103896104
102,PRT_2,pumped_hydro,0.0058
102,PRT_1,battery,4.377352965016044e-05
102,PRT_2,battery,0.0120103366832081
103,PRT_1,hydro_reservoir,1.6428179933707294
103,PRT_2,hydro_reservoir,0.1739601194724856
103,PRT_1,pumped_hydro,0.505776103896104
103,PRT_2,pumped_hydro,0.0058
103,PRT_1,battery,0.000112028691138
103,PRT_2,battery,0.0047542612680106
104,PRT_1,hydro_reservoir,1.6428179933707294
104,PRT_2,hydro_reservoir,0.1739601194724856
104,PRT_1,pumped_hydro,0.505776103896104
104,PRT_2,pumped_hydro,0.0058
104,PRT_1,battery,4.533788280136326e-05
104,PRT_2,battery,0.0119752517796629
105,PRT_1,hydro_reservoir,1.6428179933707294
105,PRT_2,hydro_reservoir,0.1739601194724856
105,PRT_1,pumped_hydro,0.505776103896104
105,PRT_2,pumped_hydro,0.0058
105,PRT_1,battery,0.0001342739452554
105,PRT_2,battery,0.0046532507785954
106,PRT_1,hydro_reservoir,1.6428179933707294
106,PRT_2,hydro_reservoir,0.1739601194724856
106,PRT_1,pumped_hydro,0.505776103896104
106,PRT_2,pumped_hydro,0.0058
106,PRT_1,battery,0.0002354042011367
106,PRT_2,battery,0.0107372638395475
107,PRT_1,hydro_reservoir,1.6428179933707294
107,PRT_2,hydro_reservoir,0.1739601194724856
107,PRT_1,pumped_hydro,0.505776103896104
107,PRT_2,pumped_hydro,0.0058
107,PRT_1,battery,9.718746858231924e-05
107,PRT_2,battery,0.0047293108974574
108,PRT_1,hydro_reservoir,1.6428179933707294
108,PRT_2,hydro_reservoir,0.1739601194724856
108,PRT_1,pumped_hydro,0.505776103896104
108,PRT_2,pumped_hydro,0.0058
108,PRT_1,battery,0.0001540938771154
108,PRT_2,battery,0.0111774396790488
109,PRT_1,hydro_reservoir,1.6428179933707294
109,PRT_2,hydro_reservoir,0.1739601194724856
109,PRT_1,pumped_hydro,0.505776103896104
109,PRT_2,pumped_hydro,0.0058
109,PRT_1,battery,8.464550727456537e-05
109,PRT_2,battery,0.0047575552376251
110,PRT_1,hydro_reservoir,1.6428179933707294
110,PRT_2,hydro_reservoir,0.1739601194724856
110,PRT_1,pumped_hydro,0.505776103896104
110,PRT_2,pumped_hydro,0.0058
110,PRT_1,battery,4.358139833616766e-05
110,PRT_2,battery,0.0121025017765747
111,PRT_1,hydro_reservoir,1.6428179933707294
111,PRT_2,hydro_reservoir,0.1739601194724856
111,PRT_1,pumped_hydro,0.505776103896104
111,PRT_2,pumped_hydro,0.0058
111,PRT_1,battery,0.0001429809516099
111,PRT_2,battery,0.0042231541890477
112,PRT_1,hydro_reservoir,1.6428179933707294
112,PRT_2,hydro_reservoir,0.1739601194724856
112,PRT_1,pumped_hydro,0.505776103896104
112,PRT_2,pumped_hydro,0.0058
112,PRT_1,battery,0.0024585023363678
112,PRT_2,battery,0.0024042197520628
113,PRT_1,hydro_reservoir,1.6428179933707294
113,PRT_2,hydro_reservoir,0.1739601194724856
113,PRT_1,pumped_hydro,0.505776103896104
113,PRT_2,pumped_hydro,0.0058
113,PRT_1,battery,0.00069218865795
113,PRT_2,battery,0.003226996024062
114,PRT_1,hydro_reservoir,1.6428179933707294
114,PRT_2,hydro_reservoir,0.1739601194724856
114,PRT_1,pumped_hydro,0.505776103896104
114,PRT_2,pumped_hydro,0.0058
114,PRT_1,battery,0.0022831223833928
114,PRT_2,battery,0.0026882939776699
115,PRT_1,hydro_reservoir,1.6428179933707294
115,PRT_2,hydro_reservoir,0.1739601194724856
115,PRT_1,pumped_hydro,0.505776103896104
115,PRT_2,pumped_hydro,0.0058
115,PRT_1,battery,0.0009191282436817
115,PRT_2,battery,0.0024897789224792
116,PRT_1,hydro_reservoir,1.6428179933707294
116,PRT_2,hydro_reservoir,0.1739601194724856
116,PRT_1,pumped_hydro,0.505776103896104
116,PRT_2,pumped_hydro,0.0058
116,PRT_1,battery,0.0023958776827368
116,PRT_2,battery,0.002364375661419
117,PRT_1,hydro_reservoir,1.6428179933707294
117,PRT_2,hydro_reservoir,0.1739601194724856
117,PRT_1,pumped_hydro,0.505776103896104
117,PRT_2,pumped_hydro,0.0058
117,PRT_1,battery,0.0010342631323142
117,PRT_2,battery,0.0023170043886241
118,PRT_1,hydro_reservoir,1.6428179933707294
118,PRT_2,hydro_reservoir,0.1739601194724856
118,PRT_1,pumped_hydro,0.505776103896104
118,PRT_2,pumped_hydro,0.0058
118,PRT_1,battery,0.0024567746215903
118,PRT_2,battery,0.0021345976624098
119,PRT_1,hydro_reservoir,1.6428179933707294
119,PRT_2,hydro_reservoir,0.1739601194724856
119,PRT_1,pumped_hydro,0.505776103896104
119,PRT_2,pumped_hydro,0.0058
119,PRT_1,battery,0.000743542970469
119,PRT_2,battery,0.0040682641996104
120,PRT_1,hydro_reservoir,1.6428179933707294
120,PRT_2,hydro_reservoir,0.1739601194724856
120,PRT_1,pumped_hydro,0.505776103896104
120,PRT_2,pumped_hydro,0.0058
120,PRT_1,battery,0.0029112864863676
120,PRT_2,battery,0.0023808193819617
121,PRT_1,hydro_reservoir,1.6428179933707294
121,PRT_2,hydro_reservoir,0.1739601194724856
121,PRT_1,pumped_hydro,0.505776103896104
121,PRT_2,pumped_hydro,0.0058
121,PRT_1,battery,0.003524625691135
121,PRT_2,battery,0.0298680540511833
122,PRT_1,hydro_reservoir,1.6428179933707294
122,PRT_2,hydro_reservoir,0.1739601194724856
122,PRT_1,pumped_hydro,0.505776103896104
122,PRT_2,pumped_hydro,0.0058
122,PRT_1,battery,0.0105863712552249
122,PRT_2,battery,0.0163007139318335
123,PRT_1,hydro_reservoir,1.6428179933707294
123,PRT_2,hydro_reservoir,0.1739601194724856
123,PRT_1,pumped_hydro,0.505776103896104
123,PRT_2,pumped_hydro,0.0058
123,PRT_1,battery,0.0044005599599196
123,PRT_2,battery,0.0222609939584212
124,PRT_1,hydro_reservoir,1.6428179933707294
124,PRT_2,hydro_reservoir,0.1739601194724856
124,PRT_1,pumped_hydro,0.505776103896104
124,PRT_2,pumped_hydro,0.0058
124,PRT_1,battery,0.0135842406933448
124,PRT_2,battery,0.0210379605296683
125,PRT_1,hydro_reservoir,1.6428179933707294
125,PRT_2,hydro_reservoir,0.1739601194724856
125,PRT_1,pumped_hydro,0.505776103896104
125,PRT_2,pumped_hydro,0.0058
125,PRT_1,battery,0.0039867587009846
125,PRT_2,battery,0.0181373616948504
126,PRT_1,hydro_reservoir,1.6428179933707294
126,PRT_2,hydro_reservoir,0.1739601194724856
126,PRT_1,pumped_hydro,0.505776103896104
126,PRT_2,pumped_hydro,0.0058
126,PRT_1,battery,0.0183430613708605
126,PRT_2,battery,0.0261366868651269
127,PRT_1,hydro_reservoir,1.6428179933707294
127,PRT_2,hydro_reservoir,0.1739601194724856
127,PRT_1,pumped_hydro,0.505776103896104
127,PRT_2,pumped_hydro,0.0058
127,PRT_1,battery,0.0036100732442371
127,PRT_2,battery,0.0179377203346437
128,PRT_1,hydro_reservoir,1.6428179933707294
128,PRT_2,hydro_reservoir,0.1739601194724856
128,PRT_1,pumped_hydro,0.505776103896104
128,PRT_2,pumped_hydro,0.0058
128,PRT_1,battery,0.017651704742673
128,PRT_2,battery,0.0264323059773236
129,PRT_1,hydro_reservoir,1.6428179933707294
129,PRT_2,hydro_reservoir,0.1739601194724856
129,PRT_1,pumped_hydro,0.505776103896104
129,PRT_2,pumped_hydro,0.0058
129,PRT_1,battery,0.003793170065916
129,PRT_2,battery,0.013469616033657
130,PRT_1,hydro_reservoir,1.6428179933707294
130,PRT_2,hydro_reservoir,0.1739601194724856
130,PRT_1,pumped_hydro,0.505776103896104
130,PRT_2,pumped_hydro,0.0058
130,PRT_1,battery,0.0165368122662804
130,PRT_2,battery,0.0279189721740867
131,PRT_1,hydro_reservoir,1.6428179933707294
131,PRT_2,hydro_reservoir,0.1739601194724856
131,PRT_1,pumped_hydro,0.505776103896104
131,PRT_2,pumped_hydro,0.0058
131,PRT_1,battery,0.0001001991387982
131,PRT_2,battery,0.0041632481275107
132,PRT_1,hydro_reservoir,1.6428179933707294
132,PRT_2,hydro_reservoir,0.1739601194724856
132,PRT_1,pumped_hydro,0.505776103896104
132,PRT_2,pumped_hydro,0.0058
132,PRT_1,battery,0.001888898710358
132,PRT_2,battery,0.003099133734682
133,PRT_1,hydro_reservoir,1.6428179933707294
133,PRT_2,hydro_reservoir,0.1739601194724856
133,PRT_1,pumped_hydro,0.505776103896104
133,PRT_2,pumped_hydro,0.0058
133,PRT_1,battery,0.0009176232346176
133,PRT_2,battery,0.0023828000638431
134,PRT_1,hydro_reservoir,1.6428179933707294
134,PRT_2,hydro_reservoir,0.1739601194724856
134,PRT_1,pumped_hydro,0.505776103896104
134,PRT_2,pumped_hydro,0.0058
134,PRT_1,battery,0.0015355085475463
134,PRT_2,battery,0.0034346419959793
135,PRT_1,hydro_reservoir,1.6428179933707294
135,PRT_2,hydro_reservoir,0.1739601194724856
135,PRT_1,pumped_hydro,0.505776103896104
135,PRT_2,pumped_hydro,0.0058
135,PRT_1,battery,0.0005686464131716
135,PRT_2,battery,0.003251997330608
136,PRT_1,hydro_reservoir,1.6428179933707294
136,PRT_2,hydro_reservoir,0.1739601194724856
136,PRT_1,pumped_hydro,0.505776103896104
136,PRT_2,pumped_hydro,0.0058
136,PRT_1,battery,0.0022123867079181
136,PRT_2,battery,0.0028106709456038
137,PRT_1,hydro_reservoir,1.6428179933707294
137,PRT_2,hydro_reservoir,0.1739601194724856
137,PRT_1,pumped_hydro,0.505776103896104
137,PRT_2,pumped_hydro,0.0058
137,PRT_1,battery,0.0005724870107198
137,PRT_2,battery,0.0032850685091765
138,PRT_1,hydro_reservoir,1.6428179933707294
138,PRT_2,hydro_reservoir,0.1739601194724856
138,PRT_1,pumped_hydro,0.505776103896104
138,PRT_2,pumped_hydro,0.0058
138,PRT_1,battery,0.0025485549412958
138,PRT_2,battery,0.0024830480984103
139,PRT_1,hydro_reservoir,1.6428179933707294
139,PRT_2,hydro_reservoir,0.1739601194724856
139,PRT_1,pumped_hydro,0.505776103896104
139,PRT_2,pumped_hydro,0.0058
139,PRT_1,battery,0.0006670525816415
139,PRT_2,battery,0.0028441750332701
140,PRT_1,hydro_reservoir,1.6428179933707294
140,PRT_2,hydro_reservoir,0.1739601194724856
140,PRT_1,pumped_hydro,0.505776103896104
140,PRT_2,pumped_hydro,0.0058
140,PRT_1,battery,0.0020780693978051
140,PRT_2,battery,0.0030624530663737
141,PRT_1,hydro_reservoir,1.6428179933707294
141,PRT_2,hydro_reservoir,0.1739601194724856
141,PRT_1,pumped_hydro,0.505776103896104
141,PRT_2,pumped_hydro,0.0058
141,PRT_1,battery,0.0011732226681883
141,PRT_2,battery,0.0013310685402433
142,PRT_1,hydro_reservoir,1.6428179933707294
142,PRT_2,hydro_reservoir,0.1739601194724856
142,PRT_1,pumped_hydro,0.505776103896104
142,PRT_2,pumped_hydro,0.0058
142,PRT_1,battery,0.0009417904676022
142,PRT_2,battery,0.0014409584126492
143,PRT_1,hydro_reservoir,1.6428179933707294
143,PRT_2,hydro_reservoir,0.1739601194724856
143,PRT_1,pumped_hydro,0.505776103896104
143,PRT_2,pumped_hydro,0.0058
143,PRT_1,battery,0.0011690646217617
143,PRT_2,battery,0.0014712585119659
144,PRT_1,hydro_reservoir,1.6428179933707294
144,PRT_2,hydro_reservoir,0.1739601194724856
144,PRT_1,pumped_hydro,0.505776103896104
144,PRT_2,pumped_hydro,0.0058
144,PRT_1,battery,0.0009758648279492
144,PRT_2,battery,0.0015027920147065
145,PRT_1,hydro_reservoir,1.6428179933707294
145,PRT_2,hydro_reservoir,0.1739601194724856
145,PRT_1,pumped_hydro,0.505776103896104
145,PRT_2,pumped_hydro,0.0058
145,PRT_1,battery,0.0011454819567605
145,PRT_2,battery,0.0013002458162599
146,PRT_1,hydro_reservoir,1.6428179933707294
146,PRT_2,hydro_reservoir,0.1739601194724856
146,PRT_1,pumped_hydro,0.505776103896104
146,PRT_2,pumped_hydro,0.0058
146,PRT_1,battery,0.0010039406240529
146,PRT_2,battery,0.0014571852774107
147,PRT_1,hydro_reservoir,1.6428179933707294
147,PRT_2,hydro_reservoir,0.1739601194724856
147,PRT_1,pumped_hydro,0.505776103896104
147,PRT_2,pumped_hydro,0.0058
147,PRT_1,battery,0.0011626486196772
147,PRT_2,battery,0.0012094187727539
148,PRT_1,hydro_reservoir,1.6428179933707294
148,PRT_2,hydro_reservoir,0.1739601194724856
148,PRT_1,pumped_hydro,0.505776103896104
148,PRT_2,pumped_hydro,0.0058
148,PRT_1,battery,0.0010175995544928
148,PRT_2,battery,0.0014047276492822
149,PRT_1,hydro_reservoir,1.6428179933707294
149,PRT_2,hydro_reservoir,0.1739601194724856
149,PRT_1,pumped_hydro,0.505776103896104
149,PRT_2,pumped_hydro,0.0058
149,PRT_1,battery,0.0011597442344662
149,PRT_2,battery,0.001255052492282
150,PRT_1,hydro_reservoir,1.6428179933707294
150,PRT_2,hydro_reservoir,0.1739601194724856
150,PRT_1,pumped_hydro,0.505776103896104
150,PRT_2,pumped_hydro,0.0058
150,PRT_1,battery,0.001023375919933
150,PRT_2,battery,0.0015175546496599
151,PRT_1,hydro_reservoir,1.6428179933707294
151,PRT_2,hydro_reservoir,0.1739601194724856
151,PRT_1,pumped_hydro,0.505776103896104
151,PRT_2,pumped_hydro,0.0058
151,PRT_1,battery,7.717275935252428e-08
151,PRT_2,battery,8.937136708090776e-08
152,PRT_1,hydro_reservoir,1.6428179933707294
152,PRT_2,hydro_reservoir,0.1739601194724856
152,PRT_1,pumped_hydro,0.505776103896104
152,PRT_2,pumped_hydro,0.0058
152,PRT_1,battery,6.807742470746644e-08
152,PRT_2,battery,7.881100573083467e-08
153,PRT_1,hydro_reservoir,1.6428179933707294
153,PRT_2,hydro_reservoir,0.1739601194724856
153,PRT_1,pumped_hydro,0.505776103896104
153,PRT_2,pumped_hydro,0.0058
153,PRT_1,battery,8.435725889887319e-08
153,PRT_2,battery,9.7425649118866e-08
154,PRT_1,hydro_reservoir,1.6428179933707294
154,PRT_2,hydro_reservoir,0.1739601194724856
154,PRT_1,pumped_hydro,0.505776103896104
154,PRT_2,pumped_hydro,0.0058
154,PRT_1,battery,3.913113733161933e-08
154,PRT_2,battery,4.581944768050713e-08
155,PRT_1,hydro_reservoir,1.6428179933707294
155,PRT_2,hydro_reservoir,0.1739601194724856
155,PRT_1,pumped_hydro,0.505776103896104
155,PRT_2,pumped_hydro,0.0058
155,PRT_1,battery,3.1350100924511744e-08
155,PRT_2,battery,3.618794226558506e-08
156,PRT_1,hydro_reservoir,1.6428179933707294
156,PRT_2,hydro_reservoir,0.1739601194724856
156,PRT_1,pumped_hydro,0.505776103896104
156,PRT_2,pumped_hydro,0.0058
156,PRT_1,battery,7.359289676496556e-08
156,PRT_2,battery,8.575759008548995e-08
157,PRT_1,hydro_reservoir,1.6428179933707294
157,PRT_2,hydro_reservoir,0.1739601194724856
157,PRT_1,pumped_hydro,0.505776103896104
157,PRT_2,pumped_hydro,0.0058
157,PRT_1,battery,2.7352278133513123e-08
157,PRT_2,battery,3.1961905035096166e-08
158,PRT_1,hydro_reservoir,1.6428179933707294
158,PRT_2,hydro_reservoir,0.1739601194724856
158,PRT_1,pumped_hydro,0.505776103896104
158,PRT_2,pumped_hydro,0.0058
158,PRT_1,battery,5.7810268115382046e-08
158,PRT_2,battery,6.705161721292608e-08
159,PRT_1,hydro_reservoir,1.6428179933707294
159,PRT_2,hydro_reservoir,0.1739601194724856
159,PRT_1,pumped_hydro,0.505776103896104
159,PRT_2,pumped_hydro,0.0058
159,PRT_1,battery,3.102089258348737e-08
159,PRT_2,battery,3.5968200711876015e-08
160,PRT_1,hydro_reservoir,1.6428179933707294
160,PRT_2,hydro_reservoir,0.1739601194724856
160,PRT_1,pumped_hydro,0.505776103896104
160,PRT_2,pumped_hydro,0.0058
160,PRT_1,battery,4.940746555836035e-08
160,PRT_2,battery,5.7368488085584e-08
161,PRT_1,hydro_reservoir,1.6428179933707294
161,PRT_2,hydro_reservoir,0.1739601194724856
161,PRT_1,pumped_hydro,0.505776103896104
161,PRT_2,pumped_hydro,0.0058
161,PRT_1,battery,2.057102547698424e-07
161,PRT_2,battery,2.350232850303543e-07
162,PRT_1,hydro_reservoir,1.6428179933707294
162,PRT_2,hydro_reservoir,0.1739601194724856
162,PRT_1,pumped_hydro,0.505776103896104
162,PRT_2,pumped_hydro,0.0058
162,PRT_1,battery,1.7712203386510337e-07
162,PRT_2,battery,2.019974010738946e-07
163,PRT_1,hydro_reservoir,1.6428179933707294
163,PRT_2,hydro_reservoir,0.1739601194724856
163,PRT_1,pumped_hydro,0.505776103896104
163,PRT_2,pumped_hydro,0.0058
163,PRT_1,battery,4.882770801886606e-07
163,PRT_2,battery,5.530446566530469e-07
164,PRT_1,hydro_reservoir,1.6428179933707294
164,PRT_2,hydro_reservoir,0.1739601194724856
164,PRT_1,pumped_hydro,0.505776103896104
164,PRT_2,pumped_hydro,0.0058
164,PRT_1,battery,1.093266754715856e-07
164,PRT_2,battery,1.247096283973799e-07
165,PRT_1,hydro_reservoir,1.6428179933707294
165,PRT_2,hydro_reservoir,0.1739601194724856
165,PRT_1,pumped_hydro,0.505776103896104
165,PRT_2,pumped_hydro,0.0058
165,PRT_1,battery,3.623373040336017e-07
165,PRT_2,battery,4.106562551932872e-07
166,PRT_1,hydro_reservoir,1.6428179933707294
166,PRT_2,hydro_reservoir,0.1739601194724856
166,PRT_1,pumped_hydro,0.505776103896104
166,PRT_2,pumped_hydro,0.0058
166,PRT_1,battery,2.230113812988148e-07
166,PRT_2,battery,2.547269736569906e-07
167,PRT_1,hydro_reservoir,1.6428179933707294
167,PRT_2,hydro_reservoir,0.1739601194724856
167,PRT_1,pumped_hydro,0.505776103896104
167,PRT_2,pumped_hydro,0.0058
167,PRT_1,battery,3.085902698799254e-07
167,PRT_2,battery,3.513264901169166e-07
168,PRT_1,hydro_reservoir,1.6428179933707294
168,PRT_2,hydro_reservoir,0.1739601194724856
168,PRT_1,pumped_hydro,0.505776103896104
168,PRT_2,pumped_hydro,0.0058
168,PRT_1,battery,3.993615175789138e-07
168,PRT_2,battery,4.5421223247294893e-07
169,PRT_1,hydro_reservoir,1.6428179933707294
169,PRT_2,hydro_reservoir,0.1739601194724856
169,PRT_1,pumped_hydro,0.505776103896104
169,PRT_2,pumped_hydro,0.0058
169,PRT_1,battery,2.484799144749792e-07
169,PRT_2,battery,2.83835172722e-07
170,PRT_1,hydro_reservoir,1.6428179933707294
170,PRT_2,hydro_reservoir,0.1739601194724856
170,PRT_1,pumped_hydro,0.505776103896104
170,PRT_2,pumped_hydro,0.0058
170,PRT_1,battery,8.328363754240358e-08
170,PRT_2,battery,9.61023240654283e-08
171,PRT_1,hydro_reservoir,1.6428179933707294
171,PRT_2,hydro_reservoir,0.1739601194724856
171,PRT_1,pumped_hydro,0.505776103896104
171,PRT_2,pumped_hydro,0.0058
171,PRT_1,battery,3.678570741671219e-07
171,PRT_2,battery,7.066358553099364e-07
172,PRT_1,hydro_reservoir,1.6428179933707294
172,PRT_2,hydro_reservoir,0.1739601194724856
172,PRT_1,pumped_hydro,0.505776103896104
172,PRT_2,pumped_hydro,0.0058
172,PRT_1,battery,5.406754679502484e-07
172,PRT_2,battery,1.034376840083836e-06
173,PRT_1,hydro_reservoir,1.6428179933707294
173,PRT_2,hydro_reservoir,0.1739601194724856
173,PRT_1,pumped_hydro,0.505776103896104
173,PRT_2,pumped_hydro,0.0058
173,PRT_1,battery,4.0758722956043524e-07
173,PRT_2,battery,7.974461669396864e-07
174,PRT_1,hydro_reservoir,1.6428179933707294
174,PRT_2,hydro_reservoir,0.1739601194724856
174,PRT_1,pumped_hydro,0.505776103896104
174,PRT_2,pumped_hydro,0.0058
174,PRT_1,battery,5.617943993222577e-07
174,PRT_2,battery,1.0746374554419768e-06
175,PRT_1,hydro_reservoir,1.6428179933707294
175,PRT_2,hydro_reservoir,0.1739601194724856
175,PRT_1,pumped_hydro,0.505776103896104
175,PRT_2,pumped_hydro,0.0058
175,PRT_1,battery,6.11540592253663e-07
175,PRT_2,battery,1.1810815163900098e-06
176,PRT_1,hydro_reservoir,1.6428179933707294
176,PRT_2,hydro_reservoir,0.1739601194724856
176,PRT_1,pumped_hydro,0.505776103896104
176,PRT_2,pumped_hydro,0.0058
176,PRT_1,battery,5.312087579087921e-07
176,PRT_2,battery,1.0334559497662712e-06
177,PRT_1,hydro_reservoir,1.6428179933707294
177,PRT_2,hydro_reservoir,0.1739601194724856
177,PRT_1,pumped_hydro,0.505776103896104
177,PRT_2,pumped_hydro,0.0058
177,PRT_1,battery,6.439813465203829e-07
177,PRT_2,battery,1.2330520720586698e-06
178,PRT_1,hydro_reservoir,1.6428179933707294
178,PRT_2,hydro_reservoir,0.1739601194724856
178,PRT_1,pumped_hydro,0.505776103896104
178,PRT_2,pumped_hydro,0.0058
178,PRT_1,battery,4.4075454732967147e-07
178,PRT_2,battery,8.631664115220472e-07
179,PRT_1,hydro_reservoir,1.6428179933707294
179,PRT_2,hydro_reservoir,0.1739601194724856
179,PRT_1,pumped_hydro,0.505776103896104
179,PRT_2,pumped_hydro,0.0058
179,PRT_1,battery,6.756810098419456e-07
179,PRT_2,battery,1.326813770022115e-06
180,PRT_1,hydro_reservoir,1.6428179933707294
180,PRT_2,hydro_reservoir,0.1739601194724856
180,PRT_1,pumped_hydro,0.505776103896104
180,PRT_2,pumped_hydro,0.0058
180,PRT_1,battery,5.207428888608953e-07
180,PRT_2,battery,1.0148332496097411e-06
181,PRT_1,hydro_reservoir,1.6428179933707294
181,PRT_2,hydro_reservoir,0.1739601194724856
181,PRT_1,pumped_hydro,0.505776103896104
181,PRT_2,pumped_hydro,0.0058
181,PRT_1,battery,1.2849499980322613e-07
181,PRT_2,battery,1.3120230890452588e-07
182,PRT_1,hydro_reservoir,1.6428179933707294
182,PRT_2,hydro_reservoir,0.1739601194724856
182,PRT_1,pumped_hydro,0.505776103896104
182,PRT_2,pumped_hydro,0.0058
182,PRT_1,battery,2.8564149245261335e-07
182,PRT_2,battery,2.9160692919245576e-07
183,PRT_1,hydro_reservoir,1.6428179933707294
183,PRT_2,hydro_reservoir,0.1739601194724856
183,PRT_1,pumped_hydro,0.505776103896104
183,PRT_2,pumped_hydro,0.0058
183,PRT_1,battery,1.5435957896610782e-07
183,PRT_2,battery,1.5766131939371072e-07
184,PRT_1,hydro_reservoir,1.6428179933707294
184,PRT_2,hydro_reservoir,0.1739601194724856
184,PRT_1,pumped_hydro,0.505776103896104
184,PRT_2,pumped_hydro,0.0058
184,PRT_1,battery,1.8270256677016757e-07
184,PRT_2,battery,1.8644019813295765e-07
185,PRT_1,hydro_reservoir,1.6428179933707294
185,PRT_2,hydro_reservoir,0.1739601194724856
185,PRT_1,pumped_hydro,0.505776103896104
185,PRT_2,pumped_hydro,0.0058
185,PRT_1,battery,1.839750455989854e-07
185,PRT_2,battery,1.8805586203493453e-07
186,PRT_1,hydro_reservoir,1.6428179933707294
186,PRT_2,hydro_reservoir,0.1739601194724856
186,PRT_1,pumped_hydro,0.505776103896104
186,PRT_2,pumped_hydro,0.0058
186,PRT_1,battery,1.7538952717485244e-07
186,PRT_2,battery,1.790063180187051e-07
187,PRT_1,hydro_reservoir,1.6428179933707294
187,PRT_2,hydro_reservoir,0.1739601194724856
187,PRT_1,pumped_hydro,0.505776103896104
187,PRT_2,pumped_hydro,0.0058
187,PRT_1,battery,1.1028628819914885e-07
187,PRT_2,battery,1.127908567325983e-07
188,PRT_1,hydro_reservoir,1.6428179933707294
188,PRT_2,hydro_reservoir,0.1739601194724856
188,PRT_1,pumped_hydro,0.505776103896104
188,PRT_2,pumped_hydro,0.0058
188,PRT_1,battery,1.315219730886958e-07
188,PRT_2,battery,1.3444137617822398e-07
189,PRT_1,hydro_reservoir,1.6428179933707294
189,PRT_2,hydro_reservoir,0.1739601194724856
189,PRT_1,pumped_hydro,0.505776103896104
189,PRT_2,pumped_hydro,0.0058
189,PRT_1,battery,1.6995482862722845e-07
189,PRT_2,battery,1.7352504662908104e-07
190,PRT_1,hydro_reservoir,1.6428179933707294
190,PRT_2,hydro_reservoir,0.1739601194724856
190,PRT_1,pumped_hydro,0.505776103896104
190,PRT_2,pumped_hydro,0.0058
190,PRT_1,battery,1.664041960792442e-07
190,PRT_2,battery,1.7003034146661638e-07
191,PRT_1,hydro_reservoir,1.6428179933707294
191,PRT_2,hydro_reservoir,0.1739601194724856
191,PRT_1,pumped_hydro,0.505776103896104
191,PRT_2,pumped_hydro,0.0058
191,PRT_1,battery,1.220360860965275e-07
191,PRT_2,battery,1.2511338271131066e-07
192,PRT_1,hydro_reservoir,1.6428179933707294
192,PRT_2,hydro_reservoir,0.1739601194724856
192,PRT_1,pumped_hydro,0.505776103896104
192,PRT_2,pumped_hydro,0.0058
192,PRT_1,battery,1.023010570405586e-07
192,PRT_2,battery,1.0452383800595408e-07
193,PRT_1,hydro_reservoir,1.6428179933707294
193,PRT_2,hydro_reservoir,0.1739601194724856
193,PRT_1,pumped_hydro,0.505776103896104
193,PRT_2,pumped_hydro,0.0058
193,PRT_1,battery,1.433634729870057e-07
193,PRT_2,battery,1.4691519287587582e-07
194,PRT_1,hydro_reservoir,1.6428179933707294
194,PRT_2,hydro_reservoir,0.1739601194724856
194,PRT_1,pumped_hydro,0.505776103896104
194,PRT_2,pumped_hydro,0.0058
194,PRT_1,battery,1.225799245282583e-07
194,PRT_2,battery,1.252473654564786e-07
195,PRT_1,hydro_reservoir,1.6428179933707294
195,PRT_2,hydro_reservoir,0.1739601194724856
195,PRT_1,pumped_hydro,0.505776103896104
195,PRT_2,pumped_hydro,0.0058
195,PRT_1,battery,1.3545672607654388e-07
195,PRT_2,battery,1.384524013796332e-07
196,PRT_1,hydro_reservoir,1.6428179933707294
196,PRT_2,hydro_reservoir,0.1739601194724856
196,PRT_1,pumped_hydro,0.505776103896104
196,PRT_2,pumped_hydro,0.0058
196,PRT_1,battery,9.899446256272881e-08
196,PRT_2,battery,1.0100896128432385e-07
197,PRT_1,hydro_reservoir,1.6428179933707294
197,PRT_2,hydro_reservoir,0.1739601194724856
197,PRT_1,pumped_hydro,0.505776103896104
197,PRT_2,pumped_hydro,0.0058
197,PRT_1,battery,1.177834491532493e-07
197,PRT_2,battery,1.2029125441230265e-07
198,PRT_1,hydro_reservoir,1.6428179933707294
198,PRT_2,hydro_reservoir,0.1739601194724856
198,PRT_1,pumped_hydro,0.505776103896104
198,PRT_2,pumped_hydro,0.0058
198,PRT_1,battery,1.1541249894286613e-07
198,PRT_2,battery,1.1796698779415678e-07
199,PRT_1,hydro_reservoir,1.6428179933707294
199,PRT_2,hydro_reservoir,0.1739601194724856
199,PRT_1,pumped_hydro,0.505776103896104
199,PRT_2,pumped_hydro,0.0058
199,PRT_1,battery,2.1520141829363e-07
199,PRT_2,battery,2.1976316591676e-07
200,PRT_1,hydro_reservoir,1.6428179933707294
200,PRT_2,hydro_reservoir,0.1739601194724856
200,PRT_1,pumped_hydro,0.505776103896104
200,PRT_2,pumped_hydro,0.0058
200,PRT_1,battery,1.0612504703724924e-07
200,PRT_2,battery,1.0861051928907157e-07
201,PRT_1,hydro_reservoir,1.6428179933707294
201,PRT_2,hydro_reservoir,0.1739601194724856
201,PRT_1,pumped_hydro,0.505776103896104
201,PRT_2,pumped_hydro,0.0058
201,PRT_1,battery,1.2185889838731895e-08
201,PRT_2,battery,1.3997159570306224e-08
202,PRT_1,hydro_reservoir,1.6428179933707294
202,PRT_2,hydro_reservoir,0.1739601194724856
202,PRT_1,pumped_hydro,0.505776103896104
202,PRT_2,pumped_hydro,0.0058
202,PRT_1,battery,1.8639335008023397e-07
202,PRT_2,battery,2.156854569356652e-07
203,PRT_1,hydro_reservoir,1.6428179933707294
203,PRT_2,hydro_reservoir,0.1739601194724856
203,PRT_1,pumped_hydro,0.505776103896104
203,PRT_2,pumped_hydro,0.0058
203,PRT_1,battery,5.426817277996335e-08
203,PRT_2,battery,6.292285132426437e-08
204,PRT_1,hydro_reservoir,1.6428179933707294
204,PRT_2,hydro_reservoir,0.1739601194724856
204,PRT_1,pumped_hydro,0.505776103896104
204,PRT_2,pumped_hydro,0.0058
204,PRT_1,battery,1.2970933719534432e-07
204,PRT_2,battery,1.5072672395216122e-07
205,PRT_1,hydro_reservoir,1.6428179933707294
205,PRT_2,hydro_reservoir,0.1739601194724856
205,PRT_1,pumped_hydro,0.505776103896104
205,PRT_2,pumped_hydro,0.0058
205,PRT_1,battery,3.8881663864269583e-08
205,PRT_2,battery,4.499754086243261e-08
206,PRT_1,hydro_reservoir,1.6428179933707294
206,PRT_2,hydro_reservoir,0.1739601194724856
206,PRT_1,pumped_hydro,0.505776103896104
206,PRT_2,pumped_hydro,0.0058
206,PRT_1,battery,1.560486988686226e-07
206,PRT_2,battery,1.7899862612958905e-07
207,PRT_1,hydro_reservoir,1.6428179933707294
207,PRT_2,hydro_reservoir,0.1739601194724856
207,PRT_1,pumped_hydro,0.505776103896104
207,PRT_2,pumped_hydro,0.0058
207,PRT_1,battery,1.0912318564940973e-07
207,PRT_2,battery,1.272754357830588e-07
208,PRT_1,hydro_reservoir,1.6428179933707294
208,PRT_2,hydro_reservoir,0.1739601194724856
208,PRT_1,pumped_hydro,0.505776103896104
208,PRT_2,pumped_hydro,0.0058
208,PRT_1,battery,2.0203872923471693e-07
208,PRT_2,battery,2.3360652409458105e-07
209,PRT_1,hydro_reservoir,1.6428179933707294
209,PRT_2,hydro_reservoir,0.1739601194724856
209,PRT_1,pumped_hydro,0.505776103896104
209,PRT_2,pumped_hydro,0.0058
209,PRT_1,battery,8.474204921656758e-08
209,PRT_2,battery,9.827070027000073e-08
210,PRT_1,hydro_reservoir,1.6428179933707294
210,PRT_2,hydro_reservoir,0.1739601194724856
210,PRT_1,pumped_hydro,0.505776103896104
210,PRT_2,pumped_hydro,0.0058
210,PRT_1,battery,8.29843597440778e-08
210,PRT_2,battery,9.518064474438749e-08
211,PRT_1,hydro_reservoir,1.6428179933707294
211,PRT_2,hydro_reservoir,0.1739601194724856
211,PRT_1,pumped_hydro,0.505776103896104
211,PRT_2,pumped_hydro,0.0058
211,PRT_1,battery,3.362744006041981e-06
211,PRT_2,battery,4.885932624159592e-06
212,PRT_1,hydro_reservoir,1.6428179933707294
212,PRT_2,hydro_reservoir,0.1739601194724856
212,PRT_1,pumped_hydro,0.505776103896104
212,PRT_2,pumped_hydro,0.0058
212,PRT_1,battery,2.152257556290937e-06
212,PRT_2,battery,2.625218557800632e-06
213,PRT_1,hydro_reservoir,1.6428179933707294
213,PRT_2,hydro_reservoir,0.1739601194724856
213,PRT_1,pumped_hydro,0.505776103896104
213,PRT_2,pumped_hydro,0.0058
213,PRT_1,battery,8.095750238713582e-07
213,PRT_2,battery,1.0229242374836682e-06
214,PRT_1,hydro_reservoir,1.6428179933707294
214,PRT_2,hydro_reservoir,0.1739601194724856
214,PRT_1,pumped_hydro,0.505776103896104
214,PRT_2,pumped_hydro,0.0058
214,PRT_1,battery,2.4029130350847773e-06
214,PRT_2,battery,3.107937405301021e-06
215,PRT_1,hydro_reservoir,1.6428179933707294
215,PRT_2,hydro_reservoir,0.1739601194724856
215,PRT_1,pumped_hydro,0.505776103896104
215,PRT_2,pumped_hydro,0.0058
215,PRT_1,battery,2.617085125916133e-06
215,PRT_2,battery,3.468770026284976e-06
216,PRT_1,hydro_reservoir,1.6428179933707294
216,PRT_2,hydro_reservoir,0.1739601194724856
216,PRT_1,pumped_hydro,0.505776103896104
216,PRT_2,pumped_hydro,0.0058
216,PRT_1,battery,2.9403192223248224e-06
216,PRT_2,battery,3.921331166323286e-06
217,PRT_1,hydro_reservoir,1.6428179933707294
217,PRT_2,hydro_reservoir,0.1739601194724856
217,PRT_1,pumped_hydro,0.505776103896104
217,PRT_2,pumped_hydro,0.0058
217,PRT_1,battery,1.4586103407159507e-06
217,PRT_2,battery,1.9545643403759125e-06
218,PRT_1,hydro_reservoir,1.6428179933707294
218,PRT_2,hydro_reservoir,0.1739601194724856
218,PRT_1,pumped_hydro,0.505776103896104
218,PRT_2,pumped_hydro,0.0058
218,PRT_1,battery,8.771274718197361e-07
218,PRT_2,battery,1.2030948745806566e-06
219,PRT_1,hydro_reservoir,1.6428179933707294
219,PRT_2,hydro_reservoir,0.1739601194724856
219,PRT_1,pumped_hydro,0.505776103896104
219,PRT_2,pumped_hydro,0.0058
219,PRT_1,battery,3.622815909906581e-06
219,PRT_2,battery,5.118935754044826e-06
220,PRT_1,hydro_reservoir,1.6428179933707294
220,PRT_2,hydro_reservoir,0.1739601194724856
220,PRT_1,pumped_hydro,0.505776103896104
220,PRT_2,pumped_hydro,0.0058
220,PRT_1,battery,3.787908403310144e-06
220,PRT_2,battery,4.744293307320762e-06
221,PRT_1,hydro_reservoir,1.6428179933707294
221,PRT_2,hydro_reservoir,0.1739601194724856
221,PRT_1,pumped_hydro,0.505776103896104
221,PRT_2,pumped_hydro,0.0058
221,PRT_1,battery,0.0001266226770588
221,PRT_2,battery,0.0041574438125635
222,PRT_1,hydro_reservoir,1.6428179933707294
222,PRT_2,hydro_reservoir,0.1739601194724856
222,PRT_1,pumped_hydro,0.505776103896104
222,PRT_2,pumped_hydro,0.0058
222,PRT_1,battery,0.0018705242071826
222,PRT_2,battery,0.0030816809630409
223,PRT_1,hydro_reservoir,1.6428179933707294
223,PRT_2,hydro_reservoir,0.1739601194724856
223,PRT_1,pumped_hydro,0.505776103896104
223,PRT_2,pumped_hydro,0.0058
223,PRT_1,battery,0.0009493768340938
223,PRT_2,battery,0.002608205661991
224,PRT_1,hydro_reservoir,1.6428179933707294
224,PRT_2,hydro_reservoir,0.1739601194724856
224,PRT_1,pumped_hydro,0.505776103896104
224,PRT_2,pumped_hydro,0.0058
224,PRT_1,battery,0.0013136310510055
224,PRT_2,battery,0.003529817219215
225,PRT_1,hydro_reservoir,1.6428179933707294
225,PRT_2,hydro_reservoir,0.1739601194724856
225,PRT_1,pumped_hydro,0.505776103896104
225,PRT_2,pumped_hydro,0.0058
225,PRT_1,battery,0.0005987650452131
225,PRT_2,battery,0.0032310337848299
226,PRT_1,hydro_reservoir,1.6428179933707294
226,PRT_2,hydro_reservoir,0.1739601194724856
226,PRT_1,pumped_hydro,0.505776103896104
226,PRT_2,pumped_hydro,0.0058
226,PRT_1,battery,0.001447823595939
226,PRT_2,battery,0.0033351780482061
227,PRT_1,hydro_reservoir,1.6428179933707294
227,PRT_2,hydro_reservoir,0.1739601194724856
227,PRT_1,pumped_hydro,0.505776103896104
227,PRT_2,pumped_hydro,0.0058
227,PRT_1,battery,0.0006062265082487
227,PRT_2,battery,0.0033774775823689
228,PRT_1,hydro_reservoir,1.6428179933707294
228,PRT_2,hydro_reservoir,0.1739601194724856
228,PRT_1,pumped_hydro,0.505776103896104
228,PRT_2,pumped_hydro,0.0058
228,PRT_1,battery,0.0018836273084872
228,PRT_2,battery,0.0028787843564533
229,PRT_1,hydro_reservoir,1.6428179933707294
229,PRT_2,hydro_reservoir,0.1739601194724856
229,PRT_1,pumped_hydro,0.505776103896104
229,PRT_2,pumped_hydro,0.0058
229,PRT_1,battery,0.0009500934177299
229,PRT_2,battery,0.0024444819648235
230,PRT_1,hydro_reservoir,1.6428179933707294
230,PRT_2,hydro_reservoir,0.1739601194724856
230,PRT_1,pumped_hydro,0.505776103896104
230,PRT_2,pumped_hydro,0.0058
230,PRT_1,battery,0.0019057618216544
230,PRT_2,battery,0.0028125207909142
231,PRT_1,hydro_reservoir,1.6428179933707294
231,PRT_2,hydro_reservoir,0.1739601194724856
231,PRT_1,pumped_hydro,0.505776103896104
231,PRT_2,pumped_hydro,0.0058
231,PRT_1,battery,1.87684638078994e-05
231,PRT_2,battery,2.3047104069265827e-05
232,PRT_1,hydro_reservoir,1.6428179933707294
232,PRT_2,hydro_reservoir,0.1739601194724856
232,PRT_1,pumped_hydro,0.505776103896104
232,PRT_2,pumped_hydro,0.0058
232,PRT_1,battery,0.0002050277437519
232,PRT_2,battery,0.0002265844143424
233,PRT_1,hydro_reservoir,1.6428179933707294
233,PRT_2,hydro_reservoir,0.1739601194724856
233,PRT_1,pumped_hydro,0.505776103896104
233,PRT_2,pumped_hydro,0.0058
233,PRT_1,battery,1.496457026477991e-06
233,PRT_2,battery,1.6986575335344066e-06
234,PRT_1,hydro_reservoir,1.6428179933707294
234,PRT_2,hydro_reservoir,0.1739601194724856
234,PRT_1,pumped_hydro,0.505776103896104
234,PRT_2,pumped_hydro,0.0058
234,PRT_1,battery,7.241002243375019e-05
234,PRT_2,battery,7.858997958969155e-05
235,PRT_1,hydro_reservoir,1.6428179933707294
235,PRT_2,hydro_reservoir,0.1739601194724856
235,PRT_1,pumped_hydro,0.505776103896104
235,PRT_2,pumped_hydro,0.0058
235,PRT_1,battery,7.820734518146895e-06
235,PRT_2,battery,8.589498799063409e-06
236,PRT_1,hydro_reservoir,1.6428179933707294
236,PRT_2,hydro_reservoir,0.1739601194724856
236,PRT_1,pumped_hydro,0.505776103896104
236,PRT_2,pumped_hydro,0.0058
236,PRT_1,battery,1.0324783936090196e-05
236,PRT_2,battery,1.138679443431197e-05
237,PRT_1,hydro_reservoir,1.6428179933707294
237,PRT_2,hydro_reservoir,0.1739601194724856
237,PRT_1,pumped_hydro,0.505776103896104
237,PRT_2,pumped_hydro,0.0058
237,PRT_1,battery,4.0847320151074426e-06
237,PRT_2,battery,4.7157634144496986e-06
238,PRT_1,hydro_reservoir,1.6428179933707294
238,PRT_2,hydro_reservoir,0.1739601194724856
238,PRT_1,pumped_hydro,0.505776103896104
238,PRT_2,pumped_hydro,0.0058
238,PRT_1,battery,4.54619256181978e-06
238,PRT_2,battery,5.259300213602909e-06
239,PRT_1,hydro_reservoir,1.6428179933707294
239,PRT_2,hydro_reservoir,0.1739601194724856
239,PRT_1,pumped_hydro,0.505776103896104
239,PRT_2,pumped_hydro,0.0058
239,PRT_1,battery,1.2694224728267083e-05
239,PRT_2,battery,1.395035936868024e-05
240,PRT_1,hydro_reservoir,1.6428179933707294
240,PRT_2,hydro_reservoir,0.1739601194724856
240,PRT_1,pumped_hydro,0.505776103896104
240,PRT_2,pumped_hydro,0.0058
240,PRT_1,battery,3.105482479714915e-06
240,PRT_2,battery,3.5589268427535333e-06
241,PRT_1,hydro_reservoir,1.6428179933707294
241,PRT_2,hydro_reservoir,0.1739601194724856
241,PRT_1,pumped_hydro,0.505776103896104
241,PRT_2,pumped_hydro,0.0058
241,PRT_1,battery,1.351831382360749e-07
241,PRT_2,battery,1.510216376251816e-07
242,PRT_1,hydro_reservoir,1.6428179933707294
242,PRT_2,hydro_reservoir,0.1739601194724856
242,PRT_1,pumped_hydro,0.505776103896104
242,PRT_2,pumped_hydro,0.0058
242,PRT_1,battery,8.088815699812459e-06
242,PRT_2,battery,9.050787113502407e-06
243,PRT_1,hydro_reservoir,1.6428179933707294
243,PRT_2,hydro_reservoir,0.1739601194724856
243,PRT_1,pumped_hydro,0.505776103896104
243,PRT_2,pumped_hydro,0.0058
243,PRT_1,battery,1.5149835784318812e-05
243,PRT_2,battery,1.7010843594316874e-05
244,PRT_1,hydro_reservoir,1.6428179933707294
244,PRT_2,hydro_reservoir,0.1739601194724856
244,PRT_1,pumped_hydro,0.505776103896104
244,PRT_2,pumped_hydro,0.0058
244,PRT_1,battery,6.439006525759302e-06
244,PRT_2,battery,7.230301784492061e-06
245,PRT_1,hydro_reservoir,1.6428179933707294
245,PRT_2,hydro_reservoir,0.1739601194724856
245,PRT_1,pumped_hydro,0.505776103896104
245,PRT_2,pumped_hydro,0.0058
245,PRT_1,battery,1.8297075444149783e-05
245,PRT_2,battery,2.038791497701073e-05
246,PRT_1,hydro_reservoir,1.6428179933707294
246,PRT_2,hydro_reservoir,0.1739601194724856
246,PRT_1,pumped_hydro,0.505776103896104
246,PRT_2,pumped_hydro,0.0058
246,PRT_1,battery,8.73087741630276e-06
246,PRT_2,battery,9.728727663147444e-06
247,PRT_1,hydro_reservoir,1.6428179933707294
247,PRT_2,hydro_reservoir,0.1739601194724856
247,PRT_1,pumped_hydro,0.505776103896104
247,PRT_2,pumped_hydro,0.0058
247,PRT_1,battery,0.0001621364513116
247,PRT_2,battery,0.000177969101886
248,PRT_1,hydro_reservoir,1.6428179933707294
248,PRT_2,hydro_reservoir,0.1739601194724856
248,PRT_1,pumped_hydro,0.505776103896104
248,PRT_2,pumped_hydro,0.0058
248,PRT_1,battery,1.0554163690027008e-05
248,PRT_2,battery,1.1780347772678074e-05
249,PRT_1,hydro_reservoir,1.6428179933707294
249,PRT_2,hydro_reservoir,0.1739601194724856
249,PRT_1,pumped_hydro,0.505776103896104
249,PRT_2,pumped_hydro,0.0058
249,PRT_1,battery,1.243504298052401e-05
249,PRT_2,battery,1.3907420326317706e-05
250,PRT_1,hydro_reservoir,1.6428179933707294
250,PRT_2,hydro_reservoir,0.1739601194724856
250,PRT_1,pumped_hydro,0.505776103896104
250,PRT_2,pumped_hydro,0.0058
250,PRT_1,battery,1.4470730464342038e-05
250,PRT_2,battery,1.6274388752912406e-05
251,PRT_1,hydro_reservoir,1.6428179933707294
251,PRT_2,hydro_reservoir,0.1739601194724856
251,PRT_1,pumped_hydro,0.505776103896104
251,PRT_2,pumped_hydro,0.0058
251,PRT_1,battery,0.0003221284876297
251,PRT_2,battery,0.0003362373007974
252,PRT_1,hydro_reservoir,1.6428179933707294
252,PRT_2,hydro_reservoir,0.1739601194724856
252,PRT_1,pumped_hydro,0.505776103896104
252,PRT_2,pumped_hydro,0.0058
252,PRT_1,battery,0.0003091316727875
252,PRT_2,battery,0.0004528075295502
253,PRT_1,hydro_reservoir,1.6428179933707294
253,PRT_2,hydro_reservoir,0.1739601194724856
253,PRT_1,pumped_hydro,0.505776103896104
253,PRT_2,pumped_hydro,0.0058
253,PRT_1,battery,0.0002969645662581
253,PRT_2,battery,0.0003054760307125
254,PRT_1,hydro_reservoir,1.6428179933707294
254,PRT_2,hydro_reservoir,0.1739601194724856
254,PRT_1,pumped_hydro,0.505776103896104
254,PRT_2,pumped_hydro,0.0058
254,PRT_1,battery,0.0004455368431838
254,PRT_2,battery,0.0004737212742068
255,PRT_1,hydro_reservoir,1.6428179933707294
255,PRT_2,hydro_reservoir,0.1739601194724856
255,PRT_1,pumped_hydro,0.505776103896104
255,PRT_2,pumped_hydro,0.0058
255,PRT_1,battery,0.000364283696055
255,PRT_2,battery,0.0005026856554744
256,PRT_1,hydro_reservoir,1.6428179933707294
256,PRT_2,hydro_reservoir,0.1739601194724856
256,PRT_1,pumped_hydro,0.505776103896104
256,PRT_2,pumped_hydro,0.0058
256,PRT_1,battery,0.0003874744068104
256,PRT_2,battery,0.0004100133214632
257,PRT_1,hydro_reservoir,1.6428179933707294
257,PRT_2,hydro_reservoir,0.1739601194724856
257,PRT_1,pumped_hydro,0.505776103896104
257,PRT_2,pumped_hydro,0.0058
257,PRT_1,battery,0.0003802793209122
257,PRT_2,battery,0.0005166049615937
258,PRT_1,hydro_reservoir,1.6428179933707294
258,PRT_2,hydro_reservoir,0.1739601194724856
258,PRT_1,pumped_hydro,0.505776103896104
258,PRT_2,pumped_hydro,0.0058
258,PRT_1,battery,0.0003746925401308
258,PRT_2,battery,0.0004005600810962
259,PRT_1,hydro_reservoir,1.6428179933707294
259,PRT_2,hydro_reservoir,0.1739601194724856
259,PRT_1,pumped_hydro,0.505776103896104
259,PRT_2,pumped_hydro,0.0058
259,PRT_1,battery,0.000365123708001
259,PRT_2,battery,0.000494454092774
260,PRT_1,hydro_reservoir,1.6428179933707294
260,PRT_2,hydro_reservoir,0.1739601194724856
260,PRT_1,pumped_hydro,0.505776103896104
260,PRT_2,pumped_hydro,0.0058
260,PRT_1,battery,0.0003732122874587
260,PRT_2,battery,0.0003910868132574
